<mxGraphModel dx="3952" dy="2849" grid="1" gridSize="10" guides="1" tooltips="1" connect="1" arrows="1" fold="1" page="1" pageScale="1" pageWidth="1654" pageHeight="1169" background="#ffffff" math="0" shadow="0">
  <root>
    <mxCell id="0"/>
    <mxCell id="1" parent="0"/>
    <mxCell id="60146763f05aac37-4" value="" style="shape=mxgraph.pid.vessels.pressurized_vessel;html=1;align=center;verticalLabelPosition=bottom;verticalAlign=top;dashed=0;strokeColor=#0000FF;strokeWidth=1;fillColor=none;" vertex="1" parent="1">
      <mxGeometry x="395" y="330" width="300" height="600" as="geometry"/>
    </mxCell>
    <mxCell id="59003465a564cbdb-1" value="" style="verticalLabelPosition=bottom;align=center;html=1;verticalAlign=top;dashed=0;shape=mxgraph.pid2valves.valve;valveType=threeWay;actuator=diaph;strokeColor=#000000;rotation=-90;" vertex="1" parent="1">
      <mxGeometry x="1739.5" y="-560" width="100" height="120" as="geometry"/>
    </mxCell>
    <mxCell id="5714eb4cf118ae69-27" value="" style="shape=mxgraph.pid.pumps_-_iso.pump_(liquid);html=1;align=center;verticalLabelPosition=bottom;verticalAlign=top;dashed=0;strokeColor=#000000;fontSize=50;fontColor=#0000FF;rotation=-90;" vertex="1" parent="1">
      <mxGeometry x="776" y="1875" width="100" height="100" as="geometry"/>
    </mxCell>
    <mxCell id="5714eb4cf118ae69-28" value="" style="shape=mxgraph.pid.pumps_-_iso.pump_(liquid);html=1;align=center;verticalLabelPosition=bottom;verticalAlign=top;dashed=0;strokeColor=#000000;fontSize=50;fontColor=#0000FF;" vertex="1" parent="1">
      <mxGeometry x="2745" y="962" width="100" height="100" as="geometry"/>
    </mxCell>
    <mxCell id="5714eb4cf118ae69-29" value="M" style="dashed=0;align=center;html=1;shape=mxgraph.pid.engines.electric_motor;fontSize=45;strokeColor=#000000;" vertex="1" parent="1">
      <mxGeometry x="2405" y="194" width="100" height="100" as="geometry"/>
    </mxCell>
    <mxCell id="5714eb4cf118ae69-30" value="M" style="dashed=0;align=center;html=1;shape=mxgraph.pid.engines.electric_motor;fontSize=45;strokeColor=#000000;" vertex="1" parent="1">
      <mxGeometry x="495" y="177" width="100" height="100" as="geometry"/>
    </mxCell>
    <mxCell id="5714eb4cf118ae69-35" value="&lt;p style=&quot;line-height: 110%&quot;&gt;&lt;/p&gt;&lt;table cellpadding=&quot;4&quot; cellspacing=&quot;0&quot; border=&quot;0&quot; style=&quot;width: 100% ; height: 100% ; font-size: 22px&quot;&gt;&lt;tbody style=&quot;line-height: 200%&quot;&gt;&lt;tr&gt;&lt;td&gt;&lt;font color=&quot;#000000&quot; style=&quot;font-size: 22px&quot;&gt;ZS&lt;/font&gt;&lt;/td&gt;&lt;/tr&gt;&lt;tr&gt;&lt;td&gt;&lt;font color=&quot;#000000&quot;&gt;1000&lt;/font&gt;&lt;/td&gt;&lt;/tr&gt;&lt;/tbody&gt;&lt;/table&gt; &lt;p&gt;&lt;/p&gt;" style="html=1;align=center;dashed=0;shape=mxgraph.pid2inst.discInst;mounting=field;strokeColor=#000000;fontSize=50;fontColor=#0000FF;" vertex="1" parent="1">
      <mxGeometry x="740" y="490" width="105" height="105" as="geometry"/>
    </mxCell>
    <mxCell id="5714eb4cf118ae69-48" value="&lt;p style=&quot;line-height: 110%&quot;&gt;&lt;/p&gt;&lt;table cellpadding=&quot;4&quot; cellspacing=&quot;0&quot; border=&quot;0&quot; style=&quot;width: 100% ; height: 100% ; font-size: 22px&quot;&gt;&lt;tbody style=&quot;line-height: 200%&quot;&gt;&lt;tr&gt;&lt;td&gt;&lt;font color=&quot;#000000&quot; style=&quot;font-size: 22px&quot;&gt;TE&lt;/font&gt;&lt;/td&gt;&lt;/tr&gt;&lt;tr&gt;&lt;td&gt;&lt;font color=&quot;#000000&quot;&gt;4000&lt;/font&gt;&lt;/td&gt;&lt;/tr&gt;&lt;/tbody&gt;&lt;/table&gt; &lt;p&gt;&lt;/p&gt;" style="html=1;align=center;dashed=0;shape=mxgraph.pid2inst.discInst;mounting=field;strokeColor=#000000;fontSize=50;fontColor=#0000FF;" vertex="1" parent="1">
      <mxGeometry x="2745" y="742.6764705882354" width="105" height="105" as="geometry"/>
    </mxCell>
    <mxCell id="5714eb4cf118ae69-49" value="&lt;p style=&quot;line-height: 110%&quot;&gt;&lt;/p&gt;&lt;table cellpadding=&quot;4&quot; cellspacing=&quot;0&quot; border=&quot;0&quot; style=&quot;width: 100% ; height: 100% ; font-size: 22px&quot;&gt;&lt;tbody style=&quot;line-height: 200%&quot;&gt;&lt;tr&gt;&lt;td&gt;&lt;font color=&quot;#000000&quot;&gt;LS&lt;/font&gt;&lt;/td&gt;&lt;/tr&gt;&lt;tr&gt;&lt;td&gt;&lt;font color=&quot;#000000&quot;&gt;1000&lt;/font&gt;&lt;/td&gt;&lt;/tr&gt;&lt;/tbody&gt;&lt;/table&gt; &lt;p&gt;&lt;/p&gt;" style="html=1;align=center;dashed=0;shape=mxgraph.pid2inst.discInst;mounting=field;strokeColor=#000000;fontSize=50;fontColor=#0000FF;" vertex="1" parent="1">
      <mxGeometry x="740" y="370" width="105" height="105" as="geometry"/>
    </mxCell>
    <mxCell id="5714eb4cf118ae69-51" value="&lt;p style=&quot;line-height: 110%&quot;&gt;&lt;/p&gt;&lt;table cellpadding=&quot;4&quot; cellspacing=&quot;0&quot; border=&quot;0&quot; style=&quot;width: 100% ; height: 100% ; font-size: 22px&quot;&gt;&lt;tbody style=&quot;line-height: 200%&quot;&gt;&lt;tr&gt;&lt;td&gt;&lt;font color=&quot;#000000&quot;&gt;ZS&lt;/font&gt;&lt;/td&gt;&lt;/tr&gt;&lt;tr&gt;&lt;td&gt;&lt;font color=&quot;#000000&quot;&gt;4000&lt;/font&gt;&lt;/td&gt;&lt;/tr&gt;&lt;/tbody&gt;&lt;/table&gt; &lt;p&gt;&lt;/p&gt;" style="html=1;align=center;dashed=0;shape=mxgraph.pid2inst.discInst;mounting=field;strokeColor=#000000;fontSize=50;fontColor=#0000FF;" vertex="1" parent="1">
      <mxGeometry x="2745" y="620.5" width="105" height="105" as="geometry"/>
    </mxCell>
    <mxCell id="5714eb4cf118ae69-53" value="&lt;p style=&quot;line-height: 110%&quot;&gt;&lt;/p&gt;&lt;table cellpadding=&quot;4&quot; cellspacing=&quot;0&quot; border=&quot;0&quot; style=&quot;width: 100% ; height: 100% ; font-size: 22px&quot;&gt;&lt;tbody style=&quot;line-height: 200%&quot;&gt;&lt;tr&gt;&lt;td&gt;&lt;font color=&quot;#000000&quot; style=&quot;font-size: 22px&quot;&gt;TE&lt;/font&gt;&lt;/td&gt;&lt;/tr&gt;&lt;tr&gt;&lt;td&gt;&lt;font color=&quot;#000000&quot;&gt;1000&lt;/font&gt;&lt;/td&gt;&lt;/tr&gt;&lt;/tbody&gt;&lt;/table&gt; &lt;p&gt;&lt;/p&gt;" style="html=1;align=center;dashed=0;shape=mxgraph.pid2inst.discInst;mounting=field;strokeColor=#000000;fontSize=50;fontColor=#0000FF;direction=west;" vertex="1" parent="1">
      <mxGeometry x="740" y="810" width="105" height="105" as="geometry"/>
    </mxCell>
    <mxCell id="5714eb4cf118ae69-58" value="" style="group;container=1;" vertex="1" connectable="0" parent="1">
      <mxGeometry x="1052" y="1204" width="190" height="105" as="geometry"/>
    </mxCell>
    <mxCell id="5714eb4cf118ae69-50" value="&lt;p style=&quot;line-height: 110%&quot;&gt;&lt;/p&gt;&lt;table cellpadding=&quot;4&quot; cellspacing=&quot;0&quot; border=&quot;0&quot; style=&quot;width: 100% ; height: 100% ; font-size: 22px&quot;&gt;&lt;tbody style=&quot;line-height: 200%&quot;&gt;&lt;tr&gt;&lt;td&gt;&lt;font style=&quot;font-size: 22px&quot;&gt;FT&lt;/font&gt;&lt;/td&gt;&lt;/tr&gt;&lt;tr&gt;&lt;td&gt;3000&lt;/td&gt;&lt;/tr&gt;&lt;/tbody&gt;&lt;/table&gt; &lt;p&gt;&lt;/p&gt;" style="html=1;align=center;dashed=0;shape=mxgraph.pid2inst.discInst;mounting=field;strokeColor=#0000FF;fontSize=50;fontColor=#0000FF;" vertex="1" parent="5714eb4cf118ae69-58">
      <mxGeometry x="85" width="105" height="105" as="geometry"/>
    </mxCell>
    <mxCell id="5714eb4cf118ae69-54" value="" style="verticalLabelPosition=bottom;align=center;dashed=0;html=1;verticalAlign=top;shape=mxgraph.pid.flow_sensors.positive_displacement;strokeColor=#000000;fontSize=50;fontColor=#0000FF;rotation=90;" vertex="1" parent="5714eb4cf118ae69-58">
      <mxGeometry x="-40" y="22.5" width="100" height="60" as="geometry"/>
    </mxCell>
    <mxCell id="5714eb4cf118ae69-57" style="edgeStyle=orthogonalEdgeStyle;rounded=0;html=1;exitX=0;exitY=0.5;entryX=0.5;entryY=0;entryPerimeter=0;startArrow=none;startFill=0;endArrow=none;endFill=0;endSize=10;jettySize=auto;orthogonalLoop=1;strokeColor=#000000;fontSize=50;fontColor=#0000FF;" edge="1" parent="5714eb4cf118ae69-58" source="5714eb4cf118ae69-50" target="5714eb4cf118ae69-54">
      <mxGeometry relative="1" as="geometry"/>
    </mxCell>
    <mxCell id="60146763f05aac37-30" value="" style="verticalLabelPosition=bottom;align=center;html=1;verticalAlign=top;dashed=0;shape=mxgraph.pid2valves.valve;valveType=gate;actuator=diaph;strokeColor=#000000;fontSize=50;fontColor=#0000FF;" vertex="1" parent="1">
      <mxGeometry x="1621" y="-240" width="100" height="100" as="geometry"/>
    </mxCell>
    <mxCell id="60146763f05aac37-51" value="" style="verticalLabelPosition=bottom;align=center;html=1;verticalAlign=top;dashed=0;shape=mxgraph.pid2valves.valve;valveType=gate;actuator=diaph;strokeColor=#000000;fontSize=50;fontColor=#0000FF;rotation=90;" vertex="1" parent="1">
      <mxGeometry x="1012" y="1353.6666666666665" width="100" height="100" as="geometry"/>
    </mxCell>
    <mxCell id="60146763f05aac37-52" value="" style="verticalLabelPosition=bottom;align=center;html=1;verticalAlign=top;dashed=0;shape=mxgraph.pid2valves.valve;valveType=gate;actuator=diaph;strokeColor=#000000;fontSize=50;fontColor=#0000FF;" vertex="1" parent="1">
      <mxGeometry x="1143" y="1055" width="100" height="100" as="geometry"/>
    </mxCell>
    <mxCell id="5714eb4cf118ae69-52" value="&lt;p style=&quot;line-height: 110%&quot;&gt;&lt;/p&gt;&lt;table cellpadding=&quot;4&quot; cellspacing=&quot;0&quot; border=&quot;0&quot; style=&quot;width: 100% ; height: 100% ; font-size: 22px&quot;&gt;&lt;tbody style=&quot;line-height: 200%&quot;&gt;&lt;tr&gt;&lt;td&gt;&lt;font style=&quot;font-size: 22px&quot;&gt;FT&lt;/font&gt;&lt;/td&gt;&lt;/tr&gt;&lt;tr&gt;&lt;td&gt;2000&lt;/td&gt;&lt;/tr&gt;&lt;/tbody&gt;&lt;/table&gt; &lt;p&gt;&lt;/p&gt;" style="html=1;align=center;dashed=0;shape=mxgraph.pid2inst.discInst;mounting=field;strokeColor=#0000FF;fontSize=50;fontColor=#0000FF;" vertex="1" parent="1">
      <mxGeometry x="1965" y="-680" width="105" height="105" as="geometry"/>
    </mxCell>
    <mxCell id="60146763f05aac37-53" value="" style="verticalLabelPosition=bottom;align=center;html=1;verticalAlign=top;dashed=0;shape=mxgraph.pid2valves.valve;valveType=gate;actuator=diaph;strokeColor=#000000;fontSize=50;fontColor=#0000FF;" vertex="1" parent="1">
      <mxGeometry x="897" y="1055" width="100" height="100" as="geometry"/>
    </mxCell>
    <mxCell id="60146763f05aac37-54" value="" style="verticalLabelPosition=bottom;align=center;html=1;verticalAlign=top;dashed=0;shape=mxgraph.pid2valves.valve;valveType=gate;actuator=diaph;strokeColor=#000000;fontSize=50;fontColor=#0000FF;" vertex="1" parent="1">
      <mxGeometry x="2565" y="942" width="100" height="100" as="geometry"/>
    </mxCell>
    <mxCell id="5714eb4cf118ae69-55" value="" style="verticalLabelPosition=bottom;align=center;dashed=0;html=1;verticalAlign=top;shape=mxgraph.pid.flow_sensors.positive_displacement;strokeColor=#000000;fontSize=50;fontColor=#0000FF;" vertex="1" parent="1">
      <mxGeometry x="1967" y="-530.5" width="100" height="60" as="geometry"/>
    </mxCell>
    <mxCell id="5714eb4cf118ae69-56" style="edgeStyle=orthogonalEdgeStyle;rounded=0;html=1;exitX=0.5;exitY=0;exitPerimeter=0;startArrow=none;startFill=0;endArrow=none;endFill=0;endSize=10;jettySize=auto;orthogonalLoop=1;strokeColor=#000000;fontSize=50;fontColor=#0000FF;" edge="1" parent="1" source="5714eb4cf118ae69-55" target="5714eb4cf118ae69-52">
      <mxGeometry relative="1" as="geometry"/>
    </mxCell>
    <mxCell id="60146763f05aac37-55" value="" style="verticalLabelPosition=bottom;align=center;html=1;verticalAlign=top;dashed=0;shape=mxgraph.pid2valves.valve;valveType=gate;actuator=diaph;strokeColor=#000000;fontSize=50;fontColor=#0000FF;" vertex="1" parent="1">
      <mxGeometry x="255" y="-200" width="100" height="100" as="geometry"/>
    </mxCell>
    <mxCell id="60146763f05aac37-56" value="" style="verticalLabelPosition=bottom;align=center;html=1;verticalAlign=top;dashed=0;shape=mxgraph.pid2valves.valve;valveType=gate;actuator=diaph;strokeColor=#000000;fontSize=50;fontColor=#0000FF;" vertex="1" parent="1">
      <mxGeometry x="225" y="738" width="100" height="100" as="geometry"/>
    </mxCell>
    <mxCell id="60146763f05aac37-57" value="" style="verticalLabelPosition=bottom;align=center;html=1;verticalAlign=top;dashed=0;shape=mxgraph.pid2valves.valve;valveType=gate;actuator=diaph;strokeColor=#000000;fontSize=50;fontColor=#0000FF;" vertex="1" parent="1">
      <mxGeometry x="225" y="614" width="100" height="100" as="geometry"/>
    </mxCell>
    <mxCell id="60146763f05aac37-61" value="" style="shape=mxgraph.pid.agitators.agitator_(propeller);html=1;align=center;verticalLabelPosition=bottom;verticalAlign=top;dashed=0;strokeColor=#0000FF;strokeWidth=1;fillColor=none;" vertex="1" parent="1">
      <mxGeometry x="445.5" y="614" width="199" height="286" as="geometry"/>
    </mxCell>
    <mxCell id="60146763f05aac37-62" style="edgeStyle=orthogonalEdgeStyle;rounded=0;html=1;exitX=0.5;exitY=0;exitPerimeter=0;entryX=0.5;entryY=1;entryPerimeter=0;startArrow=none;startFill=0;startSize=14;endArrow=none;endFill=0;endSize=14;jettySize=auto;orthogonalLoop=1;strokeColor=#000000;" edge="1" parent="1" source="60146763f05aac37-61" target="5714eb4cf118ae69-30">
      <mxGeometry relative="1" as="geometry"/>
    </mxCell>
    <mxCell id="60146763f05aac37-64" value="" style="shape=mxgraph.pid.compressors_-_iso.compressor,_vacuum_pump;html=1;align=center;verticalLabelPosition=bottom;verticalAlign=top;dashed=0;strokeColor=#000000;strokeWidth=1;fillColor=none;rotation=-90;" vertex="1" parent="1">
      <mxGeometry x="365" y="110" width="100" height="100" as="geometry"/>
    </mxCell>
    <mxCell id="60146763f05aac37-72" value="&lt;p style=&quot;line-height: 110%&quot;&gt;&lt;/p&gt;&lt;table cellpadding=&quot;4&quot; cellspacing=&quot;0&quot; border=&quot;0&quot; style=&quot;width: 100% ; height: 100% ; font-size: 22px&quot;&gt;&lt;tbody style=&quot;line-height: 200%&quot;&gt;&lt;tr&gt;&lt;td&gt;PT&lt;/td&gt;&lt;/tr&gt;&lt;tr&gt;&lt;td&gt;1000&lt;/td&gt;&lt;/tr&gt;&lt;/tbody&gt;&lt;/table&gt; &lt;p&gt;&lt;/p&gt;" style="html=1;align=center;dashed=0;shape=mxgraph.pid2inst.discInst;mounting=field;strokeColor=#0000FF;fontSize=50;fontColor=#0000FF;direction=west;" vertex="1" parent="1">
      <mxGeometry x="740" y="690" width="105" height="105" as="geometry"/>
    </mxCell>
    <mxCell id="60146763f05aac37-75" style="edgeStyle=orthogonalEdgeStyle;rounded=0;html=1;exitX=0;exitY=0.5;startArrow=none;startFill=0;startSize=14;endArrow=none;endFill=0;endSize=14;jettySize=auto;orthogonalLoop=1;strokeColor=#000000;" edge="1" parent="1" source="5714eb4cf118ae69-49" target="60146763f05aac37-4">
      <mxGeometry relative="1" as="geometry"/>
    </mxCell>
    <mxCell id="60146763f05aac37-76" style="edgeStyle=orthogonalEdgeStyle;rounded=0;html=1;exitX=0;exitY=0.5;startArrow=none;startFill=0;startSize=14;endArrow=none;endFill=0;endSize=14;jettySize=auto;orthogonalLoop=1;strokeColor=#000000;" edge="1" parent="1" source="5714eb4cf118ae69-35" target="60146763f05aac37-4">
      <mxGeometry relative="1" as="geometry"/>
    </mxCell>
    <mxCell id="60146763f05aac37-77" style="edgeStyle=orthogonalEdgeStyle;rounded=0;html=1;exitX=1;exitY=0.5;startArrow=none;startFill=0;startSize=14;endArrow=none;endFill=0;endSize=14;jettySize=auto;orthogonalLoop=1;strokeColor=#000000;" edge="1" parent="1" source="60146763f05aac37-72" target="60146763f05aac37-4">
      <mxGeometry relative="1" as="geometry"/>
    </mxCell>
    <mxCell id="60146763f05aac37-78" style="edgeStyle=orthogonalEdgeStyle;rounded=0;html=1;exitX=1;exitY=0.5;startArrow=none;startFill=0;startSize=14;endArrow=none;endFill=0;endSize=14;jettySize=auto;orthogonalLoop=1;strokeColor=#000000;" edge="1" parent="1" source="5714eb4cf118ae69-53" target="60146763f05aac37-4">
      <mxGeometry relative="1" as="geometry"/>
    </mxCell>
    <mxCell id="60146763f05aac37-79" style="edgeStyle=orthogonalEdgeStyle;rounded=0;html=1;startArrow=none;startFill=0;startSize=14;endArrow=none;endFill=0;endSize=14;jettySize=auto;orthogonalLoop=1;strokeColor=#000000;" edge="1" parent="1" source="60146763f05aac37-56" target="60146763f05aac37-202">
      <mxGeometry relative="1" as="geometry">
        <mxPoint x="142" y="-200" as="targetPoint"/>
      </mxGeometry>
    </mxCell>
    <mxCell id="60146763f05aac37-80" style="edgeStyle=orthogonalEdgeStyle;rounded=0;html=1;startArrow=none;startFill=0;startSize=14;endArrow=none;endFill=0;endSize=14;jettySize=auto;orthogonalLoop=1;strokeColor=#000000;" edge="1" parent="1" source="60146763f05aac37-57" target="60146763f05aac37-202">
      <mxGeometry relative="1" as="geometry">
        <mxPoint x="142" y="-200" as="targetPoint"/>
      </mxGeometry>
    </mxCell>
    <mxCell id="60146763f05aac37-81" style="edgeStyle=orthogonalEdgeStyle;rounded=0;html=1;startArrow=none;startFill=0;startSize=14;endArrow=none;endFill=0;endSize=14;jettySize=auto;orthogonalLoop=1;strokeColor=#000000;" edge="1" parent="1" source="60146763f05aac37-55" target="60146763f05aac37-201">
      <mxGeometry relative="1" as="geometry">
        <mxPoint x="215" y="-210" as="targetPoint"/>
      </mxGeometry>
    </mxCell>
    <mxCell id="60146763f05aac37-83" value="" style="shape=mxgraph.pid.heat_exchangers.shell_and_tube_heat_exchanger_2;html=1;align=center;verticalLabelPosition=bottom;verticalAlign=top;dashed=0;strokeColor=#FF0000;strokeWidth=1;fillColor=none;" vertex="1" parent="1">
      <mxGeometry x="415" y="673" width="100" height="100" as="geometry"/>
    </mxCell>
    <mxCell id="60146763f05aac37-86" style="edgeStyle=orthogonalEdgeStyle;rounded=0;html=1;entryX=0.145;entryY=0.855;entryPerimeter=0;startArrow=none;startFill=0;startSize=14;endArrow=none;endFill=0;endSize=14;jettySize=auto;orthogonalLoop=1;strokeColor=#000000;" edge="1" parent="1" source="60146763f05aac37-56" target="60146763f05aac37-83">
      <mxGeometry relative="1" as="geometry"/>
    </mxCell>
    <mxCell id="60146763f05aac37-87" style="edgeStyle=orthogonalEdgeStyle;rounded=0;html=1;entryX=0.145;entryY=0.145;entryPerimeter=0;startArrow=none;startFill=0;startSize=14;endArrow=none;endFill=0;endSize=14;jettySize=auto;orthogonalLoop=1;strokeColor=#000000;" edge="1" parent="1" source="60146763f05aac37-57" target="60146763f05aac37-83">
      <mxGeometry relative="1" as="geometry"/>
    </mxCell>
    <mxCell id="60146763f05aac37-93" value="" style="shape=mxgraph.pid.vessels.tank_(conical_roof);html=1;align=center;verticalLabelPosition=bottom;verticalAlign=top;dashed=0;strokeColor=#FF0000;strokeWidth=1;fillColor=none;" vertex="1" parent="1">
      <mxGeometry x="2205" y="389" width="500" height="450" as="geometry"/>
    </mxCell>
    <mxCell id="60146763f05aac37-94" value="" style="shape=mxgraph.pid.agitators.agitator_(turbine);html=1;align=center;verticalLabelPosition=bottom;verticalAlign=top;dashed=0;strokeColor=#FF0000;strokeWidth=1;fillColor=none;" vertex="1" parent="1">
      <mxGeometry x="2305.5" y="307" width="299" height="504" as="geometry"/>
    </mxCell>
    <mxCell id="60146763f05aac37-95" style="edgeStyle=orthogonalEdgeStyle;rounded=0;html=1;exitX=0.5;exitY=1;exitPerimeter=0;entryX=0.5;entryY=0;entryPerimeter=0;startArrow=none;startFill=0;startSize=14;endArrow=none;endFill=0;endSize=14;jettySize=auto;orthogonalLoop=1;strokeColor=#000000;" edge="1" parent="1" source="5714eb4cf118ae69-29" target="60146763f05aac37-94">
      <mxGeometry relative="1" as="geometry"/>
    </mxCell>
    <mxCell id="60146763f05aac37-97" style="edgeStyle=orthogonalEdgeStyle;rounded=0;html=1;entryX=0;entryY=0.5;startArrow=none;startFill=0;startSize=14;endArrow=none;endFill=0;endSize=14;jettySize=auto;orthogonalLoop=1;strokeColor=#000000;" edge="1" parent="1" source="60146763f05aac37-93" target="5714eb4cf118ae69-51">
      <mxGeometry relative="1" as="geometry"/>
    </mxCell>
    <mxCell id="60146763f05aac37-98" style="edgeStyle=orthogonalEdgeStyle;rounded=0;html=1;startArrow=none;startFill=0;startSize=14;endArrow=none;endFill=0;endSize=14;jettySize=auto;orthogonalLoop=1;strokeColor=#000000;" edge="1" parent="1" source="60146763f05aac37-93" target="5714eb4cf118ae69-48">
      <mxGeometry relative="1" as="geometry"/>
    </mxCell>
    <mxCell id="60146763f05aac37-102" style="edgeStyle=orthogonalEdgeStyle;rounded=0;html=1;entryX=0;entryY=0.5;entryPerimeter=0;startArrow=none;startFill=0;startSize=14;endArrow=none;endFill=0;endSize=14;jettySize=auto;orthogonalLoop=1;strokeColor=#000000;" edge="1" parent="1" source="60146763f05aac37-54" target="5714eb4cf118ae69-28">
      <mxGeometry relative="1" as="geometry">
        <Array as="points">
          <mxPoint x="2745" y="1012"/>
        </Array>
      </mxGeometry>
    </mxCell>
    <mxCell id="60146763f05aac37-103" style="edgeStyle=orthogonalEdgeStyle;rounded=0;html=1;startArrow=none;startFill=0;startSize=14;endArrow=none;endFill=0;endSize=14;jettySize=auto;orthogonalLoop=1;strokeColor=#000000;" edge="1" parent="1" source="5714eb4cf118ae69-28" target="60146763f05aac37-182">
      <mxGeometry relative="1" as="geometry">
        <mxPoint x="3105" y="-70" as="targetPoint"/>
        <Array as="points">
          <mxPoint x="2985" y="1013"/>
          <mxPoint x="2985" y="69"/>
          <mxPoint x="2615" y="69"/>
        </Array>
      </mxGeometry>
    </mxCell>
    <mxCell id="60146763f05aac37-104" style="edgeStyle=orthogonalEdgeStyle;rounded=0;html=1;startArrow=none;startFill=0;startSize=14;endArrow=none;endFill=0;endSize=14;jettySize=auto;orthogonalLoop=1;strokeColor=#000000;" edge="1" parent="1" source="60146763f05aac37-53" target="60146763f05aac37-52">
      <mxGeometry relative="1" as="geometry"/>
    </mxCell>
    <mxCell id="60146763f05aac37-105" style="edgeStyle=orthogonalEdgeStyle;rounded=0;html=1;exitX=0;exitY=0.5;exitPerimeter=0;startArrow=none;startFill=0;startSize=14;endArrow=none;endFill=0;endSize=14;jettySize=auto;orthogonalLoop=1;strokeColor=#000000;" edge="1" parent="1" source="5714eb4cf118ae69-54" target="60146763f05aac37-53">
      <mxGeometry relative="1" as="geometry">
        <mxPoint x="1062.3333333333335" y="1105" as="targetPoint"/>
        <Array as="points">
          <mxPoint x="1062" y="1105"/>
        </Array>
      </mxGeometry>
    </mxCell>
    <mxCell id="60146763f05aac37-107" style="edgeStyle=orthogonalEdgeStyle;rounded=0;html=1;exitX=1;exitY=0.5;exitPerimeter=0;startArrow=none;startFill=0;startSize=14;endArrow=none;endFill=0;endSize=14;jettySize=auto;orthogonalLoop=1;strokeColor=#000000;" edge="1" parent="1" source="5714eb4cf118ae69-54" target="60146763f05aac37-51">
      <mxGeometry relative="1" as="geometry"/>
    </mxCell>
    <mxCell id="60146763f05aac37-108" value="" style="verticalLabelPosition=bottom;align=center;html=1;verticalAlign=top;dashed=0;shape=mxgraph.pid2valves.valve;valveType=gate;actuator=diaph;strokeColor=#000000;fontSize=50;fontColor=#0000FF;rotation=90;" vertex="1" parent="1">
      <mxGeometry x="1012" y="1485.1666666666665" width="100" height="100" as="geometry"/>
    </mxCell>
    <mxCell id="60146763f05aac37-111" value="" style="verticalLabelPosition=bottom;align=center;html=1;verticalAlign=top;dashed=0;shape=mxgraph.pid2valves.valve;valveType=gate;actuator=diaph;strokeColor=#000000;fontSize=50;fontColor=#0000FF;rotation=90;" vertex="1" parent="1">
      <mxGeometry x="1301" y="1485.1666666666665" width="100" height="100" as="geometry"/>
    </mxCell>
    <mxCell id="60146763f05aac37-112" value="" style="verticalLabelPosition=bottom;align=center;html=1;verticalAlign=top;dashed=0;shape=mxgraph.pid2valves.valve;valveType=gate;actuator=diaph;strokeColor=#000000;fontSize=50;fontColor=#0000FF;rotation=90;" vertex="1" parent="1">
      <mxGeometry x="1521" y="1485.1666666666665" width="100" height="100" as="geometry"/>
    </mxCell>
    <mxCell id="60146763f05aac37-116" value="" style="verticalLabelPosition=bottom;align=center;html=1;verticalAlign=top;dashed=0;shape=mxgraph.pid2valves.valve;valveType=gate;actuator=diaph;strokeColor=#000000;fontSize=50;fontColor=#0000FF;rotation=90;" vertex="1" parent="1">
      <mxGeometry x="1361" y="1685.1666666666665" width="100" height="100" as="geometry"/>
    </mxCell>
    <mxCell id="60146763f05aac37-117" style="edgeStyle=orthogonalEdgeStyle;rounded=0;html=1;startArrow=none;startFill=0;startSize=14;endArrow=none;endFill=0;endSize=14;jettySize=auto;orthogonalLoop=1;strokeColor=#000000;" edge="1" parent="1" source="60146763f05aac37-116" target="60146763f05aac37-111">
      <mxGeometry relative="1" as="geometry">
        <mxPoint x="1411" y="1625" as="targetPoint"/>
        <Array as="points">
          <mxPoint x="1411" y="1631"/>
          <mxPoint x="1350" y="1631"/>
        </Array>
      </mxGeometry>
    </mxCell>
    <mxCell id="60146763f05aac37-118" value="" style="verticalLabelPosition=bottom;align=center;html=1;verticalAlign=top;dashed=0;shape=mxgraph.pid2valves.valve;valveType=gate;actuator=diaph;strokeColor=#000000;fontSize=50;fontColor=#0000FF;rotation=0;" vertex="1" parent="1">
      <mxGeometry x="1671" y="1795.1666666666665" width="100" height="100" as="geometry"/>
    </mxCell>
    <mxCell id="60146763f05aac37-121" style="edgeStyle=orthogonalEdgeStyle;rounded=0;html=1;startArrow=none;startFill=0;startSize=14;endArrow=open;endFill=0;endSize=14;jettySize=auto;orthogonalLoop=1;strokeColor=#000000;" edge="1" parent="1" source="60146763f05aac37-118" target="60146763f05aac37-116">
      <mxGeometry relative="1" as="geometry"/>
    </mxCell>
    <mxCell id="60146763f05aac37-124" style="edgeStyle=orthogonalEdgeStyle;rounded=0;html=1;startArrow=none;startFill=0;startSize=14;endArrow=none;endFill=0;endSize=14;jettySize=auto;orthogonalLoop=1;strokeColor=#000000;" edge="1" parent="1" source="60146763f05aac37-51" target="60146763f05aac37-108">
      <mxGeometry relative="1" as="geometry"/>
    </mxCell>
    <mxCell id="60146763f05aac37-125" style="edgeStyle=orthogonalEdgeStyle;rounded=0;html=1;startArrow=none;startFill=0;startSize=14;endArrow=open;endFill=0;endSize=14;jettySize=auto;orthogonalLoop=1;strokeColor=#000000;" edge="1" parent="1" source="60146763f05aac37-111" target="60146763f05aac37-93">
      <mxGeometry relative="1" as="geometry">
        <mxPoint x="2526" y="1135" as="targetPoint"/>
        <Array as="points">
          <mxPoint x="1353" y="1137"/>
          <mxPoint x="2105" y="1137"/>
          <mxPoint x="2105" y="751"/>
        </Array>
      </mxGeometry>
    </mxCell>
    <mxCell id="60146763f05aac37-127" style="edgeStyle=orthogonalEdgeStyle;rounded=0;html=1;entryX=1.012;entryY=0.497;entryPerimeter=0;startArrow=none;startFill=0;startSize=14;endArrow=none;endFill=0;endSize=14;jettySize=auto;orthogonalLoop=1;strokeColor=#000000;" edge="1" parent="1" source="60146763f05aac37-112" target="60146763f05aac37-108">
      <mxGeometry relative="1" as="geometry">
        <Array as="points">
          <mxPoint x="1571" y="1631"/>
          <mxPoint x="1062" y="1631"/>
        </Array>
      </mxGeometry>
    </mxCell>
    <mxCell id="60146763f05aac37-134" value="" style="verticalLabelPosition=bottom;align=center;html=1;verticalAlign=top;dashed=0;shape=mxgraph.pid2valves.valve;valveType=gate;actuator=diaph;strokeColor=#000000;fontSize=50;fontColor=#0000FF;rotation=90;" vertex="1" parent="1">
      <mxGeometry x="930" y="1710.1666666666665" width="100" height="100" as="geometry"/>
    </mxCell>
    <mxCell id="60146763f05aac37-137" value="" style="verticalLabelPosition=bottom;align=center;html=1;verticalAlign=top;dashed=0;shape=mxgraph.pid2valves.valve;valveType=gate;actuator=diaph;strokeColor=#000000;fontSize=50;fontColor=#0000FF;rotation=90;" vertex="1" parent="1">
      <mxGeometry x="776" y="1485.1666666666665" width="100" height="100" as="geometry"/>
    </mxCell>
    <mxCell id="60146763f05aac37-138" value="" style="verticalLabelPosition=bottom;align=center;html=1;verticalAlign=top;dashed=0;shape=mxgraph.pid2valves.valve;valveType=gate;actuator=diaph;strokeColor=#000000;fontSize=50;fontColor=#0000FF;rotation=90;" vertex="1" parent="1">
      <mxGeometry x="776" y="1710.1666666666665" width="100" height="100" as="geometry"/>
    </mxCell>
    <mxCell id="60146763f05aac37-141" style="edgeStyle=orthogonalEdgeStyle;rounded=0;html=1;entryX=0.048;entryY=0.5;entryPerimeter=0;startArrow=none;startFill=0;startSize=14;endArrow=none;endFill=0;endSize=14;jettySize=auto;orthogonalLoop=1;strokeColor=#000000;" edge="1" parent="1" source="60146763f05aac37-137" target="60146763f05aac37-138">
      <mxGeometry relative="1" as="geometry"/>
    </mxCell>
    <mxCell id="60146763f05aac37-142" style="edgeStyle=orthogonalEdgeStyle;rounded=0;html=1;entryX=1.003;entryY=0.501;entryPerimeter=0;startArrow=none;startFill=0;startSize=14;endArrow=none;endFill=0;endSize=14;jettySize=auto;orthogonalLoop=1;strokeColor=#000000;" edge="1" parent="1" source="60146763f05aac37-137" target="60146763f05aac37-108">
      <mxGeometry relative="1" as="geometry">
        <Array as="points">
          <mxPoint x="826" y="1630"/>
          <mxPoint x="1062" y="1630"/>
        </Array>
      </mxGeometry>
    </mxCell>
    <mxCell id="60146763f05aac37-143" style="edgeStyle=orthogonalEdgeStyle;rounded=0;html=1;startArrow=none;startFill=0;startSize=14;endArrow=none;endFill=0;endSize=14;jettySize=auto;orthogonalLoop=1;strokeColor=#000000;" edge="1" parent="1" source="60146763f05aac37-138" target="60146763f05aac37-108">
      <mxGeometry relative="1" as="geometry">
        <Array as="points">
          <mxPoint x="826" y="1630"/>
          <mxPoint x="1062" y="1630"/>
        </Array>
      </mxGeometry>
    </mxCell>
    <mxCell id="60146763f05aac37-144" style="edgeStyle=orthogonalEdgeStyle;rounded=0;html=1;startArrow=none;startFill=0;startSize=14;endArrow=none;endFill=0;endSize=14;jettySize=auto;orthogonalLoop=1;strokeColor=#000000;" edge="1" parent="1" source="60146763f05aac37-108" target="60146763f05aac37-111">
      <mxGeometry relative="1" as="geometry">
        <Array as="points">
          <mxPoint x="1062" y="1630"/>
          <mxPoint x="1348" y="1630"/>
        </Array>
      </mxGeometry>
    </mxCell>
    <mxCell id="60146763f05aac37-145" style="edgeStyle=orthogonalEdgeStyle;rounded=0;html=1;startArrow=none;startFill=0;startSize=14;endArrow=none;endFill=0;endSize=14;jettySize=auto;orthogonalLoop=1;strokeColor=#000000;" edge="1" parent="1" source="5714eb4cf118ae69-27" target="60146763f05aac37-138">
      <mxGeometry relative="1" as="geometry"/>
    </mxCell>
    <mxCell id="60146763f05aac37-146" value="" style="verticalLabelPosition=bottom;align=center;html=1;verticalAlign=top;dashed=0;shape=mxgraph.pid2valves.valve;valveType=gate;actuator=diaph;strokeColor=#000000;fontSize=50;fontColor=#0000FF;rotation=90;" vertex="1" parent="1">
      <mxGeometry x="776" y="2055.1666666666665" width="100" height="100" as="geometry"/>
    </mxCell>
    <mxCell id="60146763f05aac37-148" style="edgeStyle=orthogonalEdgeStyle;rounded=0;html=1;startArrow=none;startFill=0;startSize=14;endArrow=none;endFill=0;endSize=14;jettySize=auto;orthogonalLoop=1;strokeColor=#000000;" edge="1" parent="1" source="60146763f05aac37-146" target="5714eb4cf118ae69-27">
      <mxGeometry relative="1" as="geometry"/>
    </mxCell>
    <mxCell id="60146763f05aac37-149" value="" style="verticalLabelPosition=bottom;align=center;html=1;verticalAlign=top;dashed=0;shape=mxgraph.pid2valves.valve;valveType=gate;actuator=diaph;strokeColor=#000000;fontSize=50;fontColor=#0000FF;rotation=90;" vertex="1" parent="1">
      <mxGeometry x="1017" y="2055.1666666666665" width="100" height="100" as="geometry"/>
    </mxCell>
    <mxCell id="60146763f05aac37-150" value="" style="verticalLabelPosition=bottom;align=center;html=1;verticalAlign=top;dashed=0;shape=mxgraph.pid2valves.valve;valveType=gate;actuator=diaph;strokeColor=#000000;fontSize=50;fontColor=#0000FF;rotation=90;" vertex="1" parent="1">
      <mxGeometry x="1251" y="2055.1666666666665" width="100" height="100" as="geometry"/>
    </mxCell>
    <mxCell id="60146763f05aac37-151" value="" style="verticalLabelPosition=bottom;align=center;html=1;verticalAlign=top;dashed=0;shape=mxgraph.pid2valves.valve;valveType=gate;actuator=diaph;strokeColor=#000000;fontSize=50;fontColor=#0000FF;rotation=90;" vertex="1" parent="1">
      <mxGeometry x="1486" y="2055.1666666666665" width="100" height="100" as="geometry"/>
    </mxCell>
    <mxCell id="60146763f05aac37-152" style="edgeStyle=orthogonalEdgeStyle;rounded=0;html=1;entryX=0;entryY=0.5;entryPerimeter=0;startArrow=none;startFill=0;startSize=14;endArrow=none;endFill=0;endSize=14;jettySize=auto;orthogonalLoop=1;strokeColor=#000000;" edge="1" parent="1" source="60146763f05aac37-149" target="5714eb4cf118ae69-27">
      <mxGeometry relative="1" as="geometry">
        <Array as="points">
          <mxPoint x="1067" y="2010"/>
          <mxPoint x="826" y="2010"/>
        </Array>
      </mxGeometry>
    </mxCell>
    <mxCell id="60146763f05aac37-156" style="edgeStyle=orthogonalEdgeStyle;rounded=0;html=1;entryX=0;entryY=0.5;entryPerimeter=0;startArrow=none;startFill=0;startSize=14;endArrow=none;endFill=0;endSize=14;jettySize=auto;orthogonalLoop=1;strokeColor=#000000;" edge="1" parent="1" source="60146763f05aac37-150" target="5714eb4cf118ae69-27">
      <mxGeometry relative="1" as="geometry">
        <Array as="points">
          <mxPoint x="1301" y="2010"/>
          <mxPoint x="826" y="2010"/>
        </Array>
      </mxGeometry>
    </mxCell>
    <mxCell id="60146763f05aac37-157" style="edgeStyle=orthogonalEdgeStyle;rounded=0;html=1;startArrow=open;startFill=0;startSize=14;endArrow=open;endFill=0;endSize=14;jettySize=auto;orthogonalLoop=1;strokeColor=#000000;" edge="1" parent="1" source="60146763f05aac37-151" target="5714eb4cf118ae69-27">
      <mxGeometry relative="1" as="geometry">
        <Array as="points">
          <mxPoint x="1536" y="2010"/>
          <mxPoint x="826" y="2010"/>
        </Array>
      </mxGeometry>
    </mxCell>
    <mxCell id="60146763f05aac37-158" style="edgeStyle=orthogonalEdgeStyle;rounded=0;html=1;startArrow=open;startFill=0;startSize=14;endArrow=none;endFill=0;endSize=14;jettySize=auto;orthogonalLoop=1;strokeColor=#000000;" edge="1" parent="1" source="60146763f05aac37-146" target="60146763f05aac37-4">
      <mxGeometry relative="1" as="geometry">
        <mxPoint x="716" y="1051" as="targetPoint"/>
        <Array as="points">
          <mxPoint x="826" y="2201"/>
          <mxPoint x="545" y="2201"/>
        </Array>
      </mxGeometry>
    </mxCell>
    <mxCell id="60146763f05aac37-160" style="edgeStyle=orthogonalEdgeStyle;rounded=0;html=1;startArrow=none;startFill=0;startSize=14;endArrow=open;endFill=0;endSize=14;jettySize=auto;orthogonalLoop=1;strokeColor=#000000;entryX=1.008;entryY=0.55;entryPerimeter=0;" edge="1" parent="1" source="60146763f05aac37-112" target="60146763f05aac37-150">
      <mxGeometry relative="1" as="geometry">
        <mxPoint x="1326" y="2156" as="targetPoint"/>
        <Array as="points">
          <mxPoint x="1573" y="1172"/>
          <mxPoint x="1936" y="1172"/>
          <mxPoint x="1936" y="2252"/>
          <mxPoint x="1296" y="2252"/>
        </Array>
      </mxGeometry>
    </mxCell>
    <mxCell id="60146763f05aac37-161" style="edgeStyle=orthogonalEdgeStyle;rounded=0;html=1;startArrow=none;startFill=0;startSize=14;endArrow=open;endFill=0;endSize=14;jettySize=auto;orthogonalLoop=1;strokeColor=#000000;" edge="1" parent="1" source="60146763f05aac37-151">
      <mxGeometry relative="1" as="geometry">
        <mxPoint x="1536" y="2210" as="targetPoint"/>
      </mxGeometry>
    </mxCell>
    <mxCell id="60146763f05aac37-162" style="edgeStyle=orthogonalEdgeStyle;rounded=0;html=1;startArrow=open;startFill=0;startSize=14;endArrow=none;endFill=0;endSize=14;jettySize=auto;orthogonalLoop=1;strokeColor=#000000;" edge="1" parent="1" source="60146763f05aac37-149" target="60146763f05aac37-93">
      <mxGeometry relative="1" as="geometry">
        <mxPoint x="2531.4549153645835" y="1190" as="targetPoint"/>
        <Array as="points">
          <mxPoint x="1065" y="2281"/>
          <mxPoint x="2065" y="2281"/>
          <mxPoint x="2065" y="1251"/>
          <mxPoint x="2455" y="1251"/>
        </Array>
      </mxGeometry>
    </mxCell>
    <mxCell id="60146763f05aac37-163" style="edgeStyle=orthogonalEdgeStyle;rounded=0;html=1;startArrow=none;startFill=0;startSize=14;endArrow=none;endFill=0;endSize=14;jettySize=auto;orthogonalLoop=1;strokeColor=#000000;" edge="1" parent="1" source="60146763f05aac37-134" target="60146763f05aac37-108">
      <mxGeometry relative="1" as="geometry">
        <Array as="points">
          <mxPoint x="980" y="1630"/>
          <mxPoint x="1062" y="1630"/>
        </Array>
      </mxGeometry>
    </mxCell>
    <mxCell id="60146763f05aac37-164" value="" style="verticalLabelPosition=bottom;align=center;html=1;verticalAlign=top;dashed=0;shape=mxgraph.pid2valves.valve;valveType=gate;actuator=diaph;strokeColor=#000000;fontSize=50;fontColor=#0000FF;rotation=90;" vertex="1" parent="1">
      <mxGeometry x="325" y="2042.1666666666665" width="100" height="100" as="geometry"/>
    </mxCell>
    <mxCell id="60146763f05aac37-165" style="edgeStyle=orthogonalEdgeStyle;rounded=0;html=1;startArrow=none;startFill=0;startSize=14;endArrow=open;endFill=0;endSize=14;jettySize=auto;orthogonalLoop=1;strokeColor=#000000;" edge="1" parent="1" source="60146763f05aac37-164" target="60146763f05aac37-217">
      <mxGeometry relative="1" as="geometry">
        <mxPoint x="375" y="2204" as="targetPoint"/>
      </mxGeometry>
    </mxCell>
    <mxCell id="60146763f05aac37-166" style="edgeStyle=orthogonalEdgeStyle;rounded=0;html=1;startArrow=none;startFill=0;startSize=14;endArrow=open;endFill=0;endSize=14;jettySize=auto;orthogonalLoop=1;strokeColor=#000000;" edge="1" parent="1" source="60146763f05aac37-53" target="60146763f05aac37-164">
      <mxGeometry relative="1" as="geometry"/>
    </mxCell>
    <mxCell id="60146763f05aac37-169" style="edgeStyle=orthogonalEdgeStyle;rounded=0;html=1;startArrow=none;startFill=0;startSize=14;endArrow=none;endFill=0;endSize=14;jettySize=auto;orthogonalLoop=1;strokeColor=#000000;" edge="1" parent="1" source="60146763f05aac37-137" target="60146763f05aac37-53">
      <mxGeometry relative="1" as="geometry">
        <Array as="points">
          <mxPoint x="826" y="1105"/>
        </Array>
      </mxGeometry>
    </mxCell>
    <mxCell id="60146763f05aac37-170" style="edgeStyle=orthogonalEdgeStyle;rounded=0;html=1;startArrow=none;startFill=0;startSize=14;endArrow=none;endFill=0;endSize=14;jettySize=auto;orthogonalLoop=1;strokeColor=#000000;" edge="1" parent="1" source="5714eb4cf118ae69-54" target="60146763f05aac37-52">
      <mxGeometry relative="1" as="geometry">
        <Array as="points">
          <mxPoint x="1062" y="1105"/>
        </Array>
      </mxGeometry>
    </mxCell>
    <mxCell id="60146763f05aac37-172" style="edgeStyle=orthogonalEdgeStyle;rounded=0;html=1;entryX=0;entryY=0.5;entryPerimeter=0;startArrow=none;startFill=0;startSize=14;endArrow=none;endFill=0;endSize=14;jettySize=auto;orthogonalLoop=1;strokeColor=#000000;" edge="1" parent="1" source="59003465a564cbdb-1" target="5714eb4cf118ae69-55">
      <mxGeometry relative="1" as="geometry"/>
    </mxCell>
    <mxCell id="60146763f05aac37-174" value="" style="verticalLabelPosition=bottom;align=center;html=1;verticalAlign=top;dashed=0;shape=mxgraph.pid2valves.valve;valveType=gate;actuator=diaph;strokeColor=#000000;fontSize=50;fontColor=#0000FF;" vertex="1" parent="1">
      <mxGeometry x="1411" y="-420" width="100" height="100" as="geometry"/>
    </mxCell>
    <mxCell id="60146763f05aac37-176" style="edgeStyle=orthogonalEdgeStyle;rounded=0;html=1;startArrow=none;startFill=0;startSize=14;endArrow=open;endFill=0;endSize=14;jettySize=auto;orthogonalLoop=1;strokeColor=#000000;" edge="1" parent="1" source="59003465a564cbdb-1" target="60146763f05aac37-174">
      <mxGeometry relative="1" as="geometry">
        <Array as="points">
          <mxPoint x="1789.5" y="-369"/>
        </Array>
      </mxGeometry>
    </mxCell>
    <mxCell id="60146763f05aac37-178" value="" style="verticalLabelPosition=bottom;align=center;html=1;verticalAlign=top;dashed=0;shape=mxgraph.pid2valves.valve;valveType=gate;actuator=diaph;strokeColor=#000000;fontSize=50;fontColor=#0000FF;rotation=90;" vertex="1" parent="1">
      <mxGeometry x="2155" y="-410" width="100" height="100" as="geometry"/>
    </mxCell>
    <mxCell id="60146763f05aac37-179" style="edgeStyle=orthogonalEdgeStyle;rounded=0;html=1;exitX=1;exitY=0.5;exitPerimeter=0;startArrow=none;startFill=0;startSize=14;endArrow=none;endFill=0;endSize=14;jettySize=auto;orthogonalLoop=1;strokeColor=#000000;" edge="1" parent="1" source="5714eb4cf118ae69-55" target="60146763f05aac37-178">
      <mxGeometry relative="1" as="geometry"/>
    </mxCell>
    <mxCell id="60146763f05aac37-180" value="" style="verticalLabelPosition=bottom;align=center;html=1;verticalAlign=top;dashed=0;shape=mxgraph.pid2valves.valve;valveType=gate;actuator=diaph;strokeColor=#000000;fontSize=50;fontColor=#0000FF;rotation=90;" vertex="1" parent="1">
      <mxGeometry x="2012.5" y="-80" width="100" height="100" as="geometry"/>
    </mxCell>
    <mxCell id="60146763f05aac37-181" value="" style="verticalLabelPosition=bottom;align=center;html=1;verticalAlign=top;dashed=0;shape=mxgraph.pid2valves.valve;valveType=gate;actuator=diaph;strokeColor=#000000;fontSize=50;fontColor=#0000FF;rotation=90;" vertex="1" parent="1">
      <mxGeometry x="2282.5" y="-80" width="100" height="100" as="geometry"/>
    </mxCell>
    <mxCell id="60146763f05aac37-182" value="" style="verticalLabelPosition=bottom;align=center;html=1;verticalAlign=top;dashed=0;shape=mxgraph.pid2valves.valve;valveType=gate;actuator=diaph;strokeColor=#000000;fontSize=50;fontColor=#0000FF;rotation=90;" vertex="1" parent="1">
      <mxGeometry x="2562.5" y="-80" width="100" height="100" as="geometry"/>
    </mxCell>
    <mxCell id="60146763f05aac37-189" style="edgeStyle=orthogonalEdgeStyle;rounded=0;html=1;startArrow=none;startFill=0;startSize=14;endArrow=open;endFill=0;endSize=14;jettySize=auto;orthogonalLoop=1;strokeColor=#000000;" edge="1" parent="1" source="60146763f05aac37-178" target="60146763f05aac37-180">
      <mxGeometry relative="1" as="geometry">
        <Array as="points">
          <mxPoint x="2205" y="-190"/>
          <mxPoint x="2063" y="-190"/>
        </Array>
      </mxGeometry>
    </mxCell>
    <mxCell id="60146763f05aac37-190" style="edgeStyle=orthogonalEdgeStyle;rounded=0;html=1;startArrow=none;startFill=0;startSize=14;endArrow=open;endFill=0;endSize=14;jettySize=auto;orthogonalLoop=1;strokeColor=#000000;" edge="1" parent="1" source="60146763f05aac37-178" target="60146763f05aac37-181">
      <mxGeometry relative="1" as="geometry">
        <Array as="points">
          <mxPoint x="2205" y="-190"/>
          <mxPoint x="2333" y="-190"/>
        </Array>
      </mxGeometry>
    </mxCell>
    <mxCell id="60146763f05aac37-191" style="edgeStyle=orthogonalEdgeStyle;rounded=0;html=1;startArrow=none;startFill=0;startSize=14;endArrow=open;endFill=0;endSize=14;jettySize=auto;orthogonalLoop=1;strokeColor=#000000;" edge="1" parent="1" source="60146763f05aac37-178" target="60146763f05aac37-182">
      <mxGeometry relative="1" as="geometry">
        <Array as="points">
          <mxPoint x="2205" y="-190"/>
          <mxPoint x="2613" y="-190"/>
        </Array>
      </mxGeometry>
    </mxCell>
    <mxCell id="60146763f05aac37-193" style="edgeStyle=orthogonalEdgeStyle;rounded=0;html=1;startArrow=none;startFill=0;startSize=14;endArrow=none;endFill=0;endSize=14;jettySize=auto;orthogonalLoop=1;strokeColor=#000000;" edge="1" parent="1" source="60146763f05aac37-181" target="60146763f05aac37-93">
      <mxGeometry relative="1" as="geometry">
        <mxPoint x="2745" y="130" as="targetPoint"/>
        <Array as="points">
          <mxPoint x="2335" y="109"/>
          <mxPoint x="2905" y="109"/>
          <mxPoint x="2905" y="889"/>
          <mxPoint x="2635" y="889"/>
        </Array>
      </mxGeometry>
    </mxCell>
    <mxCell id="60146763f05aac37-195" style="edgeStyle=orthogonalEdgeStyle;rounded=0;html=1;startArrow=none;startFill=0;startSize=14;endArrow=open;endFill=0;endSize=14;jettySize=auto;orthogonalLoop=1;strokeColor=#000000;" edge="1" parent="1" source="60146763f05aac37-178" target="60146763f05aac37-30">
      <mxGeometry relative="1" as="geometry">
        <Array as="points">
          <mxPoint x="2205" y="-190"/>
        </Array>
      </mxGeometry>
    </mxCell>
    <mxCell id="60146763f05aac37-198" style="edgeStyle=orthogonalEdgeStyle;rounded=0;html=1;entryX=1;entryY=0.1;entryPerimeter=0;startArrow=none;startFill=0;startSize=14;endArrow=open;endFill=0;endSize=14;jettySize=auto;orthogonalLoop=1;strokeColor=#000000;" edge="1" parent="1" source="60146763f05aac37-30" target="60146763f05aac37-4">
      <mxGeometry relative="1" as="geometry">
        <Array as="points">
          <mxPoint x="734" y="-188"/>
          <mxPoint x="734" y="389"/>
        </Array>
      </mxGeometry>
    </mxCell>
    <mxCell id="60146763f05aac37-199" style="edgeStyle=orthogonalEdgeStyle;rounded=0;html=1;startArrow=none;startFill=0;startSize=14;endArrow=none;endFill=0;endSize=14;jettySize=auto;orthogonalLoop=1;strokeColor=#000000;" edge="1" parent="1" source="60146763f05aac37-4" target="60146763f05aac37-200">
      <mxGeometry relative="1" as="geometry">
        <mxPoint x="65" y="-190" as="targetPoint"/>
        <Array as="points">
          <mxPoint x="512" y="971"/>
          <mxPoint x="65" y="971"/>
        </Array>
      </mxGeometry>
    </mxCell>
    <mxCell id="60146763f05aac37-200" value="&lt;b&gt;&lt;font style=&quot;font-size: 24px&quot; face=&quot;Verdana&quot; color=&quot;#0000ff&quot;&gt;Kondensat&lt;/font&gt;&lt;/b&gt;" style="html=1;shadow=0;dashed=0;align=center;verticalAlign=middle;shape=mxgraph.arrows2.arrow;dy=0;dx=30;notch=30;strokeColor=#0000FF;strokeWidth=1;fillColor=none;rotation=-90;" vertex="1" parent="1">
      <mxGeometry x="-56" y="-804.5" width="250" height="60" as="geometry"/>
    </mxCell>
    <mxCell id="60146763f05aac37-201" value="&lt;b&gt;&lt;font style=&quot;font-size: 24px&quot; face=&quot;Verdana&quot; color=&quot;#0000ff&quot;&gt;Abgas&lt;/font&gt;&lt;/b&gt;" style="html=1;shadow=0;dashed=0;align=center;verticalAlign=middle;shape=mxgraph.arrows2.arrow;dy=0;dx=30;notch=30;strokeColor=#0000FF;strokeWidth=1;fillColor=none;rotation=-90;" vertex="1" parent="1">
      <mxGeometry x="92" y="-794.5" width="250" height="60" as="geometry"/>
    </mxCell>
    <mxCell id="60146763f05aac37-202" value="&lt;b&gt;&lt;font style=&quot;font-size: 24px&quot; face=&quot;Verdana&quot; color=&quot;#0000ff&quot;&gt;Heißdampf&lt;/font&gt;&lt;/b&gt;" style="html=1;shadow=0;dashed=0;align=center;verticalAlign=middle;shape=mxgraph.arrows2.arrow;dy=0;dx=30;notch=30;strokeColor=#0000FF;strokeWidth=1;fillColor=none;rotation=90;" vertex="1" parent="1">
      <mxGeometry x="17" y="-794.5" width="250" height="60" as="geometry"/>
    </mxCell>
    <mxCell id="60146763f05aac37-203" value="&lt;b&gt;&lt;font style=&quot;font-size: 24px&quot; face=&quot;Verdana&quot; color=&quot;#0000ff&quot;&gt;Kondensat&lt;/font&gt;&lt;/b&gt;" style="html=1;shadow=0;dashed=0;align=center;verticalAlign=middle;shape=mxgraph.arrows2.arrow;dy=0;dx=30;notch=30;strokeColor=#0000FF;strokeWidth=1;fillColor=none;rotation=-90;" vertex="1" parent="1">
      <mxGeometry x="2132.5" y="2138" width="250" height="60" as="geometry"/>
    </mxCell>
    <mxCell id="60146763f05aac37-204" value="&lt;b&gt;&lt;font style=&quot;font-size: 24px&quot; face=&quot;Verdana&quot; color=&quot;#0000ff&quot;&gt;Heißdampf&lt;/font&gt;&lt;/b&gt;" style="html=1;shadow=0;dashed=0;align=center;verticalAlign=middle;shape=mxgraph.arrows2.arrow;dy=0;dx=30;notch=30;strokeColor=#0000FF;strokeWidth=1;fillColor=none;rotation=90;" vertex="1" parent="1">
      <mxGeometry x="2057.5" y="2148" width="250" height="60" as="geometry"/>
    </mxCell>
    <mxCell id="60146763f05aac37-209" style="edgeStyle=orthogonalEdgeStyle;rounded=0;html=1;startArrow=none;startFill=0;startSize=14;endArrow=open;endFill=0;endSize=14;jettySize=auto;orthogonalLoop=1;strokeColor=#000000;" edge="1" parent="1" source="60146763f05aac37-52" target="60146763f05aac37-93">
      <mxGeometry relative="1" as="geometry">
        <Array as="points">
          <mxPoint x="2065" y="1106"/>
          <mxPoint x="2065" y="569"/>
        </Array>
      </mxGeometry>
    </mxCell>
    <mxCell id="60146763f05aac37-210" style="edgeStyle=orthogonalEdgeStyle;rounded=0;html=1;startArrow=none;startFill=0;startSize=14;endArrow=open;endFill=0;endSize=14;jettySize=auto;orthogonalLoop=1;strokeColor=#000000;" edge="1" parent="1" source="60146763f05aac37-112" target="60146763f05aac37-93">
      <mxGeometry relative="1" as="geometry">
        <Array as="points">
          <mxPoint x="1571" y="1171"/>
          <mxPoint x="2145" y="1171"/>
          <mxPoint x="2145" y="801"/>
        </Array>
      </mxGeometry>
    </mxCell>
    <mxCell id="60146763f05aac37-211" style="edgeStyle=orthogonalEdgeStyle;rounded=0;html=1;startArrow=none;startFill=0;startSize=14;endArrow=none;endFill=0;endSize=14;jettySize=auto;orthogonalLoop=1;strokeColor=#000000;" edge="1" parent="1" source="60146763f05aac37-203" target="60146763f05aac37-118">
      <mxGeometry relative="1" as="geometry">
        <Array as="points">
          <mxPoint x="2255" y="1845"/>
        </Array>
      </mxGeometry>
    </mxCell>
    <mxCell id="60146763f05aac37-212" style="edgeStyle=orthogonalEdgeStyle;rounded=0;html=1;startArrow=none;startFill=0;startSize=14;endArrow=none;endFill=0;endSize=14;jettySize=auto;orthogonalLoop=1;strokeColor=#000000;" edge="1" parent="1" source="60146763f05aac37-204" target="60146763f05aac37-134">
      <mxGeometry relative="1" as="geometry">
        <mxPoint x="1005" y="1830" as="targetPoint"/>
        <Array as="points">
          <mxPoint x="2185" y="1949"/>
          <mxPoint x="981" y="1949"/>
        </Array>
      </mxGeometry>
    </mxCell>
    <mxCell id="60146763f05aac37-213" style="edgeStyle=orthogonalEdgeStyle;rounded=0;html=1;startArrow=none;startFill=0;startSize=14;endArrow=none;endFill=0;endSize=14;jettySize=auto;orthogonalLoop=1;strokeColor=#000000;" edge="1" parent="1" source="60146763f05aac37-134" target="60146763f05aac37-30">
      <mxGeometry relative="1" as="geometry">
        <mxPoint x="915" y="1950" as="sourcePoint"/>
        <Array as="points">
          <mxPoint x="981" y="1949"/>
          <mxPoint x="1865" y="1949"/>
          <mxPoint x="1865" y="-191"/>
        </Array>
      </mxGeometry>
    </mxCell>
    <mxCell id="60146763f05aac37-214" style="edgeStyle=orthogonalEdgeStyle;rounded=0;html=1;startArrow=none;startFill=0;startSize=14;endArrow=none;endFill=0;endSize=14;jettySize=auto;orthogonalLoop=1;strokeColor=#000000;" edge="1" parent="1" source="60146763f05aac37-54" target="60146763f05aac37-93">
      <mxGeometry relative="1" as="geometry">
        <Array as="points">
          <mxPoint x="2454" y="1009"/>
        </Array>
      </mxGeometry>
    </mxCell>
    <mxCell id="60146763f05aac37-216" style="edgeStyle=orthogonalEdgeStyle;rounded=0;html=1;startArrow=open;startFill=0;startSize=14;endArrow=none;endFill=0;endSize=14;jettySize=auto;orthogonalLoop=1;strokeColor=#000000;" edge="1" parent="1" source="60146763f05aac37-93" target="60146763f05aac37-180">
      <mxGeometry relative="1" as="geometry">
        <Array as="points">
          <mxPoint x="2062" y="521"/>
        </Array>
      </mxGeometry>
    </mxCell>
    <mxCell id="60146763f05aac37-217" value="" style="verticalLabelPosition=bottom;align=center;dashed=0;html=1;verticalAlign=top;shape=mxgraph.pid.misc.funnel;strokeColor=#0000FF;strokeWidth=1;fillColor=none;" vertex="1" parent="1">
      <mxGeometry x="325" y="2194" width="100" height="100" as="geometry"/>
    </mxCell>
    <mxCell id="60146763f05aac37-219" style="edgeStyle=orthogonalEdgeStyle;rounded=0;html=1;exitX=0;exitY=0.5;exitPerimeter=0;startArrow=none;startFill=0;startSize=14;endArrow=none;endFill=0;endSize=14;jettySize=auto;orthogonalLoop=1;strokeColor=#000000;" edge="1" parent="1" source="60146763f05aac37-64" target="60146763f05aac37-4">
      <mxGeometry relative="1" as="geometry">
        <Array as="points">
          <mxPoint x="415" y="301"/>
          <mxPoint x="545" y="301"/>
        </Array>
      </mxGeometry>
    </mxCell>
    <mxCell id="60146763f05aac37-220" style="edgeStyle=orthogonalEdgeStyle;rounded=0;html=1;exitX=1;exitY=0.5;exitPerimeter=0;startArrow=none;startFill=0;startSize=14;endArrow=none;endFill=0;endSize=14;jettySize=auto;orthogonalLoop=1;strokeColor=#000000;" edge="1" parent="1" source="60146763f05aac37-64" target="60146763f05aac37-55">
      <mxGeometry relative="1" as="geometry">
        <Array as="points">
          <mxPoint x="415" y="51"/>
          <mxPoint x="585" y="51"/>
          <mxPoint x="585" y="-150"/>
        </Array>
      </mxGeometry>
    </mxCell>
    <mxCell id="60146763f05aac37-222" value="" style="verticalLabelPosition=bottom;align=center;dashed=0;html=1;verticalAlign=top;shape=mxgraph.pid.misc.funnel;strokeColor=#0000FF;strokeWidth=1;fillColor=none;" vertex="1" parent="1">
      <mxGeometry x="415" y="-92" width="100" height="100" as="geometry"/>
    </mxCell>
    <mxCell id="60146763f05aac37-224" style="edgeStyle=orthogonalEdgeStyle;rounded=0;html=1;startArrow=none;startFill=0;startSize=14;endArrow=none;endFill=0;endSize=14;jettySize=auto;orthogonalLoop=1;strokeColor=#000000;" edge="1" parent="1" source="60146763f05aac37-222" target="60146763f05aac37-174">
      <mxGeometry relative="1" as="geometry">
        <Array as="points">
          <mxPoint x="465" y="-370"/>
        </Array>
      </mxGeometry>
    </mxCell>
    <mxCell id="60146763f05aac37-225" style="edgeStyle=orthogonalEdgeStyle;rounded=0;html=1;startArrow=none;startFill=0;startSize=14;endArrow=none;endFill=0;endSize=14;jettySize=auto;orthogonalLoop=1;strokeColor=#000000;" edge="1" parent="1" source="60146763f05aac37-174" target="60146763f05aac37-55">
      <mxGeometry relative="1" as="geometry">
        <Array as="points">
          <mxPoint x="465" y="-370"/>
          <mxPoint x="465" y="-150"/>
        </Array>
      </mxGeometry>
    </mxCell>
    <mxCell id="60146763f05aac37-226" value="&lt;b&gt;&lt;font style=&quot;font-size: 24px&quot; face=&quot;Verdana&quot; color=&quot;#ff8000&quot;&gt;Brauchwasser&lt;/font&gt;&lt;/b&gt;" style="html=1;shadow=0;dashed=0;align=center;verticalAlign=middle;shape=mxgraph.arrows2.arrow;dy=0;dx=30;notch=30;strokeColor=#FF8000;strokeWidth=1;fillColor=none;rotation=-90;" vertex="1" parent="1">
      <mxGeometry x="1514" y="-809.5" width="250" height="60" as="geometry"/>
    </mxCell>
    <mxCell id="60146763f05aac37-227" value="&lt;b&gt;&lt;font style=&quot;font-size: 24px&quot; face=&quot;Verdana&quot; color=&quot;#0000ff&quot;&gt;Heißwasser&lt;/font&gt;&lt;/b&gt;" style="html=1;shadow=0;dashed=0;align=center;verticalAlign=middle;shape=mxgraph.arrows2.arrow;dy=0;dx=30;notch=30;strokeColor=#0000FF;strokeWidth=1;fillColor=none;rotation=90;" vertex="1" parent="1">
      <mxGeometry x="1665" y="-799.5" width="250" height="60" as="geometry"/>
    </mxCell>
    <mxCell id="60146763f05aac37-228" value="&lt;b&gt;&lt;font style=&quot;font-size: 24px&quot; face=&quot;Verdana&quot; color=&quot;#0000ff&quot;&gt;Kaltwasser&lt;/font&gt;&lt;/b&gt;" style="html=1;shadow=0;dashed=0;align=center;verticalAlign=middle;shape=mxgraph.arrows2.arrow;dy=0;dx=30;notch=30;strokeColor=#0000FF;strokeWidth=1;fillColor=none;rotation=90;" vertex="1" parent="1">
      <mxGeometry x="1589" y="-799.5" width="250" height="60" as="geometry"/>
    </mxCell>
    <mxCell id="60146763f05aac37-230" style="edgeStyle=orthogonalEdgeStyle;rounded=0;html=1;startArrow=none;startFill=0;startSize=14;endArrow=none;endFill=0;endSize=14;jettySize=auto;orthogonalLoop=1;strokeColor=#000000;" edge="1" parent="1" source="60146763f05aac37-227" target="59003465a564cbdb-1">
      <mxGeometry relative="1" as="geometry"/>
    </mxCell>
    <mxCell id="60146763f05aac37-231" style="edgeStyle=orthogonalEdgeStyle;rounded=0;html=1;startArrow=none;startFill=0;startSize=14;endArrow=none;endFill=0;endSize=14;jettySize=auto;orthogonalLoop=1;strokeColor=#000000;" edge="1" parent="1" source="60146763f05aac37-228" target="60146763f05aac37-174">
      <mxGeometry relative="1" as="geometry">
        <Array as="points">
          <mxPoint x="1714" y="-370"/>
        </Array>
      </mxGeometry>
    </mxCell>
    <mxCell id="60146763f05aac37-232" value="&lt;b&gt;&lt;font style=&quot;font-size: 24px&quot; face=&quot;Verdana&quot; color=&quot;#0000ff&quot;&gt;Brauchwasser&lt;/font&gt;&lt;/b&gt;" style="html=1;shadow=0;dashed=0;align=center;verticalAlign=middle;shape=mxgraph.arrows2.arrow;dy=0;dx=30;notch=30;strokeColor=#0000FF;strokeWidth=1;fillColor=none;rotation=-90;" vertex="1" parent="1">
      <mxGeometry x="75" y="2148" width="250" height="60" as="geometry"/>
    </mxCell>
    <mxCell id="60146763f05aac37-235" style="edgeStyle=orthogonalEdgeStyle;rounded=0;html=1;startArrow=none;startFill=0;startSize=14;endArrow=none;endFill=0;endSize=14;jettySize=auto;orthogonalLoop=1;strokeColor=#000000;" edge="1" parent="1" source="60146763f05aac37-164" target="60146763f05aac37-232">
      <mxGeometry relative="1" as="geometry">
        <Array as="points">
          <mxPoint x="375" y="1911"/>
          <mxPoint x="200" y="1911"/>
        </Array>
      </mxGeometry>
    </mxCell>
    <mxCell id="60146763f05aac37-236" value="&lt;b&gt;&lt;font style=&quot;font-size: 24px&quot; face=&quot;Verdana&quot; color=&quot;#ff8000&quot;&gt;Kondensat&lt;/font&gt;&lt;/b&gt;" style="html=1;shadow=0;dashed=0;align=center;verticalAlign=middle;shape=mxgraph.arrows2.arrow;dy=0;dx=30;notch=30;strokeColor=#FF8000;strokeWidth=1;fillColor=none;rotation=0;" vertex="1" parent="1">
      <mxGeometry x="3025" y="818.5" width="250" height="60" as="geometry"/>
    </mxCell>
    <mxCell id="60146763f05aac37-238" value="&lt;b&gt;&lt;font style=&quot;font-size: 24px&quot; face=&quot;Verdana&quot; color=&quot;#0000ff&quot;&gt;BSG&lt;/font&gt;&lt;/b&gt;" style="html=1;shadow=0;dashed=0;align=center;verticalAlign=middle;shape=mxgraph.arrows2.arrow;dy=0;dx=30;notch=30;strokeColor=#0000FF;strokeWidth=1;fillColor=none;rotation=0;" vertex="1" parent="1">
      <mxGeometry x="3025" y="982" width="250" height="60" as="geometry"/>
    </mxCell>
    <mxCell id="60146763f05aac37-239" value="&lt;b&gt;&lt;font style=&quot;font-size: 24px&quot; face=&quot;Verdana&quot; color=&quot;#ff8000&quot;&gt;Heißdampf&lt;/font&gt;&lt;/b&gt;" style="html=1;shadow=0;dashed=0;align=center;verticalAlign=middle;shape=mxgraph.arrows2.arrow;dy=0;dx=30;notch=30;strokeColor=#FF8000;strokeWidth=1;fillColor=none;rotation=180;" vertex="1" parent="1">
      <mxGeometry x="3025" y="733.5" width="245" height="60" as="geometry"/>
    </mxCell>
    <mxCell id="60146763f05aac37-240" value="&lt;b&gt;&lt;font style=&quot;font-size: 24px&quot; color=&quot;#0000ff&quot; face=&quot;Verdana&quot;&gt;Air&lt;/font&gt;&lt;/b&gt;" style="html=1;shadow=0;dashed=0;align=center;verticalAlign=middle;shape=mxgraph.arrows2.arrow;dy=0;dx=30;notch=30;strokeColor=#0000FF;strokeWidth=1;fillColor=none;rotation=180;" vertex="1" parent="1">
      <mxGeometry x="3025" y="902" width="245" height="60" as="geometry"/>
    </mxCell>
    <mxCell id="60146763f05aac37-243" style="edgeStyle=orthogonalEdgeStyle;rounded=0;html=1;exitX=1;exitY=0.5;exitPerimeter=0;startArrow=none;startFill=0;startSize=14;endArrow=none;endFill=0;endSize=14;jettySize=auto;orthogonalLoop=1;strokeColor=#000000;" edge="1" parent="1" source="5714eb4cf118ae69-28" target="60146763f05aac37-238">
      <mxGeometry relative="1" as="geometry"/>
    </mxCell>
    <mxCell id="60146763f05aac37-244" style="edgeStyle=orthogonalEdgeStyle;rounded=0;html=1;exitX=1;exitY=0.5;exitPerimeter=0;startArrow=none;startFill=0;startSize=14;endArrow=none;endFill=0;endSize=14;jettySize=auto;orthogonalLoop=1;strokeColor=#000000;" edge="1" parent="1" source="5714eb4cf118ae69-28" target="60146763f05aac37-240">
      <mxGeometry relative="1" as="geometry">
        <Array as="points">
          <mxPoint x="2985" y="1012"/>
          <mxPoint x="2985" y="932"/>
        </Array>
      </mxGeometry>
    </mxCell>
  </root>
</mxGraphModel>
