
<mxGraphModel dx="3952" dy="2849" grid="1" gridSize="10" guides="1" tooltips="1" connect="1" arrows="1" fold="1" page="1" pageScale="1" pageWidth="1654" pageHeight="1169" background="#ffffff" math="0" shadow="0">
  <root>
    <mxCell id="0"/>
    <mxCell id="1" parent="0"/>
    <mxCell id="agitator_(propeller)_0001" value="" style="shape=mxgraph.pid.agitators.agitator_(propeller);html=1;align=center;verticalLabelPosition=bottom;verticalAlign=top;dashed=0;strokeColor=#000000;fontSize=18;fontColor=#000000;" vertex="1" parent="1">
      <mxGeometry x="50" y="50" width="92" height="132" as="geometry"></mxGeometry>
    </mxCell>
    <mxCell id="agitator_(turbine)_0001" value="" style="shape=mxgraph.pid.agitators.agitator_(turbine);html=1;align=center;verticalLabelPosition=bottom;verticalAlign=top;dashed=0;strokeColor=#000000;fontSize=18;fontColor=#000000;" vertex="1" parent="1">
      <mxGeometry x="50" y="50" width="80" height="135" as="geometry"></mxGeometry>
    </mxCell>
    <mxCell id="compressor,_vacuum_pump_0001" value="" style="shape=mxgraph.pid.compressors_-_iso.compressor,_vacuum_pump;html=1;align=center;verticalLabelPosition=bottom;verticalAlign=top;dashed=0;strokeColor=#000000;fontSize=18;fontColor=#000000;" vertex="1" parent="1">
      <mxGeometry x="50" y="50" width="100" height="100" as="geometry"></mxGeometry>
    </mxCell>
    <mxCell id="discInst_(field)_0001" value="&lt;table cellpadding=&quot;4&quot; cellspacing=&quot;0&quot; border=&quot;0&quot; style=&quot;font-size:1em;width:100%;height:100%;&quot;&gt;&lt;tr&gt;&lt;td&gt;TI&lt;/td&gt;&lt;/tr&gt;&lt;tr&gt;&lt;td&gt;##&lt;/td&gt;&lt;/table&gt;" style="html=1;align=center;dashed=0;shape=mxgraph.pid2inst.discInst;mounting=field;strokeColor=#000000;fontSize=18;fontColor=#000000;" vertex="1" parent="1">
      <mxGeometry x="50" y="50" width="50" height="50" as="geometry"></mxGeometry>
    </mxCell>
    <mxCell id="discInst_(field)_0002" value="&lt;table cellpadding=&quot;4&quot; cellspacing=&quot;0&quot; border=&quot;0&quot; style=&quot;font-size:1em;width:100%;height:100%;&quot;&gt;&lt;tr&gt;&lt;td&gt;TI&lt;/td&gt;&lt;/tr&gt;&lt;tr&gt;&lt;td&gt;##&lt;/td&gt;&lt;/table&gt;" style="html=1;align=center;dashed=0;shape=mxgraph.pid2inst.discInst;mounting=field;strokeColor=#000000;fontSize=18;fontColor=#000000;" vertex="1" parent="1">
      <mxGeometry x="50" y="50" width="50" height="50" as="geometry"></mxGeometry>
    </mxCell>
    <mxCell id="discInst_(field)_0003" value="&lt;table cellpadding=&quot;4&quot; cellspacing=&quot;0&quot; border=&quot;0&quot; style=&quot;font-size:1em;width:100%;height:100%;&quot;&gt;&lt;tr&gt;&lt;td&gt;TI&lt;/td&gt;&lt;/tr&gt;&lt;tr&gt;&lt;td&gt;##&lt;/td&gt;&lt;/table&gt;" style="html=1;align=center;dashed=0;shape=mxgraph.pid2inst.discInst;mounting=field;strokeColor=#000000;fontSize=18;fontColor=#000000;" vertex="1" parent="1">
      <mxGeometry x="50" y="50" width="50" height="50" as="geometry"></mxGeometry>
    </mxCell>
    <mxCell id="discInst_(field)_0004" value="&lt;table cellpadding=&quot;4&quot; cellspacing=&quot;0&quot; border=&quot;0&quot; style=&quot;font-size:1em;width:100%;height:100%;&quot;&gt;&lt;tr&gt;&lt;td&gt;TI&lt;/td&gt;&lt;/tr&gt;&lt;tr&gt;&lt;td&gt;##&lt;/td&gt;&lt;/table&gt;" style="html=1;align=center;dashed=0;shape=mxgraph.pid2inst.discInst;mounting=field;strokeColor=#000000;fontSize=18;fontColor=#000000;" vertex="1" parent="1">
      <mxGeometry x="50" y="50" width="50" height="50" as="geometry"></mxGeometry>
    </mxCell>
    <mxCell id="discInst_(field)_0005" value="&lt;table cellpadding=&quot;4&quot; cellspacing=&quot;0&quot; border=&quot;0&quot; style=&quot;font-size:1em;width:100%;height:100%;&quot;&gt;&lt;tr&gt;&lt;td&gt;TI&lt;/td&gt;&lt;/tr&gt;&lt;tr&gt;&lt;td&gt;##&lt;/td&gt;&lt;/table&gt;" style="html=1;align=center;dashed=0;shape=mxgraph.pid2inst.discInst;mounting=field;strokeColor=#000000;fontSize=18;fontColor=#000000;" vertex="1" parent="1">
      <mxGeometry x="50" y="50" width="50" height="50" as="geometry"></mxGeometry>
    </mxCell>
    <mxCell id="discInst_(field)_0006" value="&lt;table cellpadding=&quot;4&quot; cellspacing=&quot;0&quot; border=&quot;0&quot; style=&quot;font-size:1em;width:100%;height:100%;&quot;&gt;&lt;tr&gt;&lt;td&gt;TI&lt;/td&gt;&lt;/tr&gt;&lt;tr&gt;&lt;td&gt;##&lt;/td&gt;&lt;/table&gt;" style="html=1;align=center;dashed=0;shape=mxgraph.pid2inst.discInst;mounting=field;strokeColor=#000000;fontSize=18;fontColor=#000000;" vertex="1" parent="1">
      <mxGeometry x="50" y="50" width="50" height="50" as="geometry"></mxGeometry>
    </mxCell>
    <mxCell id="discInst_(field)_0007" value="&lt;table cellpadding=&quot;4&quot; cellspacing=&quot;0&quot; border=&quot;0&quot; style=&quot;font-size:1em;width:100%;height:100%;&quot;&gt;&lt;tr&gt;&lt;td&gt;TI&lt;/td&gt;&lt;/tr&gt;&lt;tr&gt;&lt;td&gt;##&lt;/td&gt;&lt;/table&gt;" style="html=1;align=center;dashed=0;shape=mxgraph.pid2inst.discInst;mounting=field;strokeColor=#000000;fontSize=18;fontColor=#000000;" vertex="1" parent="1">
      <mxGeometry x="50" y="50" width="50" height="50" as="geometry"></mxGeometry>
    </mxCell>
    <mxCell id="east_arrow_0001" value="" style="shape=html=1;shadow=0;dashed=0;align=center;verticalAlign=middle;shape=mxgraph.arrows2.arrow;dy=0;dx=30;notch=30;strokeColor=#000000;strokeWidth=1;fillColor=none;rotation=0;" vertex="1" parent="1">
      <mxGeometry x="50" y="50" width="200" height="30" as="geometry"></mxGeometry>
    </mxCell>
    <mxCell id="east_arrow_0002" value="" style="shape=html=1;shadow=0;dashed=0;align=center;verticalAlign=middle;shape=mxgraph.arrows2.arrow;dy=0;dx=30;notch=30;strokeColor=#000000;strokeWidth=1;fillColor=none;rotation=0;" vertex="1" parent="1">
      <mxGeometry x="50" y="50" width="200" height="30" as="geometry"></mxGeometry>
    </mxCell>
    <mxCell id="electric_motor_0001" value="M" style="dashed=0;align=center;html=1;shape=mxgraph.pid.engines.electric_motor;fontSize=45;strokeColor=#000000;" vertex="1" parent="1">
      <mxGeometry x="50" y="50" width="100" height="100" as="geometry"></mxGeometry>
    </mxCell>
    <mxCell id="electric_motor_0002" value="M" style="dashed=0;align=center;html=1;shape=mxgraph.pid.engines.electric_motor;fontSize=45;strokeColor=#000000;" vertex="1" parent="1">
      <mxGeometry x="50" y="50" width="100" height="100" as="geometry"></mxGeometry>
    </mxCell>
    <mxCell id="funnel_0001" value="" style="shape=mxgraph.pid.fittings.funnel;html=1;align=center;verticalLabelPosition=bottom;verticalAlign=top;dashed=0;strokeColor=#000000;fontSize=18;fontColor=#000000;" vertex="1" parent="1">
      <mxGeometry x="50" y="50" width="80" height="140" as="geometry"></mxGeometry>
    </mxCell>
    <mxCell id="funnel_0002" value="" style="shape=mxgraph.pid.fittings.funnel;html=1;align=center;verticalLabelPosition=bottom;verticalAlign=top;dashed=0;strokeColor=#000000;fontSize=18;fontColor=#000000;" vertex="1" parent="1">
      <mxGeometry x="50" y="50" width="80" height="140" as="geometry"></mxGeometry>
    </mxCell>
    <mxCell id="gate_valve_(diaphragm)_0001" value="" style="verticalLabelPosition=bottom;align=center;html=1;verticalAlign=top;dashed=0;shape=mxgraph.pid2valves.valve;valveType=gate;actuator=diaph;strokeColor=#000000;fontSize=18;fontColor=#000000;" vertex="1" parent="1">
      <mxGeometry x="50" y="50" width="100" height="100" as="geometry"></mxGeometry>
    </mxCell>
    <mxCell id="gate_valve_(diaphragm)_0002" value="" style="verticalLabelPosition=bottom;align=center;html=1;verticalAlign=top;dashed=0;shape=mxgraph.pid2valves.valve;valveType=gate;actuator=diaph;strokeColor=#000000;fontSize=18;fontColor=#000000;" vertex="1" parent="1">
      <mxGeometry x="50" y="50" width="100" height="100" as="geometry"></mxGeometry>
    </mxCell>
    <mxCell id="gate_valve_(diaphragm)_0003" value="" style="verticalLabelPosition=bottom;align=center;html=1;verticalAlign=top;dashed=0;shape=mxgraph.pid2valves.valve;valveType=gate;actuator=diaph;strokeColor=#000000;fontSize=18;fontColor=#000000;" vertex="1" parent="1">
      <mxGeometry x="50" y="50" width="100" height="100" as="geometry"></mxGeometry>
    </mxCell>
    <mxCell id="gate_valve_(diaphragm)_0004" value="" style="verticalLabelPosition=bottom;align=center;html=1;verticalAlign=top;dashed=0;shape=mxgraph.pid2valves.valve;valveType=gate;actuator=diaph;strokeColor=#000000;fontSize=18;fontColor=#000000;" vertex="1" parent="1">
      <mxGeometry x="50" y="50" width="100" height="100" as="geometry"></mxGeometry>
    </mxCell>
    <mxCell id="gate_valve_(diaphragm)_0005" value="" style="verticalLabelPosition=bottom;align=center;html=1;verticalAlign=top;dashed=0;shape=mxgraph.pid2valves.valve;valveType=gate;actuator=diaph;strokeColor=#000000;fontSize=18;fontColor=#000000;" vertex="1" parent="1">
      <mxGeometry x="50" y="50" width="100" height="100" as="geometry"></mxGeometry>
    </mxCell>
    <mxCell id="gate_valve_(diaphragm)_0006" value="" style="verticalLabelPosition=bottom;align=center;html=1;verticalAlign=top;dashed=0;shape=mxgraph.pid2valves.valve;valveType=gate;actuator=diaph;strokeColor=#000000;fontSize=18;fontColor=#000000;" vertex="1" parent="1">
      <mxGeometry x="50" y="50" width="100" height="100" as="geometry"></mxGeometry>
    </mxCell>
    <mxCell id="gate_valve_(diaphragm)_0007" value="" style="verticalLabelPosition=bottom;align=center;html=1;verticalAlign=top;dashed=0;shape=mxgraph.pid2valves.valve;valveType=gate;actuator=diaph;strokeColor=#000000;fontSize=18;fontColor=#000000;" vertex="1" parent="1">
      <mxGeometry x="50" y="50" width="100" height="100" as="geometry"></mxGeometry>
    </mxCell>
    <mxCell id="gate_valve_(diaphragm)_0008" value="" style="verticalLabelPosition=bottom;align=center;html=1;verticalAlign=top;dashed=0;shape=mxgraph.pid2valves.valve;valveType=gate;actuator=diaph;strokeColor=#000000;fontSize=18;fontColor=#000000;" vertex="1" parent="1">
      <mxGeometry x="50" y="50" width="100" height="100" as="geometry"></mxGeometry>
    </mxCell>
    <mxCell id="gate_valve_(diaphragm)_0009" value="" style="verticalLabelPosition=bottom;align=center;html=1;verticalAlign=top;dashed=0;shape=mxgraph.pid2valves.valve;valveType=gate;actuator=diaph;strokeColor=#000000;fontSize=18;fontColor=#000000;" vertex="1" parent="1">
      <mxGeometry x="50" y="50" width="100" height="100" as="geometry"></mxGeometry>
    </mxCell>
    <mxCell id="gate_valve_(diaphragm)_0010" value="" style="verticalLabelPosition=bottom;align=center;html=1;verticalAlign=top;dashed=0;shape=mxgraph.pid2valves.valve;valveType=gate;actuator=diaph;strokeColor=#000000;fontSize=18;fontColor=#000000;" vertex="1" parent="1">
      <mxGeometry x="50" y="50" width="100" height="100" as="geometry"></mxGeometry>
    </mxCell>
    <mxCell id="gate_valve_(diaphragm)_0011" value="" style="verticalLabelPosition=bottom;align=center;html=1;verticalAlign=top;dashed=0;shape=mxgraph.pid2valves.valve;valveType=gate;actuator=diaph;strokeColor=#000000;fontSize=18;fontColor=#000000;" vertex="1" parent="1">
      <mxGeometry x="50" y="50" width="100" height="100" as="geometry"></mxGeometry>
    </mxCell>
    <mxCell id="gate_valve_(diaphragm)_0012" value="" style="verticalLabelPosition=bottom;align=center;html=1;verticalAlign=top;dashed=0;shape=mxgraph.pid2valves.valve;valveType=gate;actuator=diaph;strokeColor=#000000;fontSize=18;fontColor=#000000;" vertex="1" parent="1">
      <mxGeometry x="50" y="50" width="100" height="100" as="geometry"></mxGeometry>
    </mxCell>
    <mxCell id="gate_valve_(diaphragm)_0013" value="" style="verticalLabelPosition=bottom;align=center;html=1;verticalAlign=top;dashed=0;shape=mxgraph.pid2valves.valve;valveType=gate;actuator=diaph;strokeColor=#000000;fontSize=18;fontColor=#000000;" vertex="1" parent="1">
      <mxGeometry x="50" y="50" width="100" height="100" as="geometry"></mxGeometry>
    </mxCell>
    <mxCell id="gate_valve_(diaphragm)_0014" value="" style="verticalLabelPosition=bottom;align=center;html=1;verticalAlign=top;dashed=0;shape=mxgraph.pid2valves.valve;valveType=gate;actuator=diaph;strokeColor=#000000;fontSize=18;fontColor=#000000;" vertex="1" parent="1">
      <mxGeometry x="50" y="50" width="100" height="100" as="geometry"></mxGeometry>
    </mxCell>
    <mxCell id="gate_valve_(diaphragm)_0015" value="" style="verticalLabelPosition=bottom;align=center;html=1;verticalAlign=top;dashed=0;shape=mxgraph.pid2valves.valve;valveType=gate;actuator=diaph;strokeColor=#000000;fontSize=18;fontColor=#000000;" vertex="1" parent="1">
      <mxGeometry x="50" y="50" width="100" height="100" as="geometry"></mxGeometry>
    </mxCell>
    <mxCell id="gate_valve_(diaphragm)_0016" value="" style="verticalLabelPosition=bottom;align=center;html=1;verticalAlign=top;dashed=0;shape=mxgraph.pid2valves.valve;valveType=gate;actuator=diaph;strokeColor=#000000;fontSize=18;fontColor=#000000;" vertex="1" parent="1">
      <mxGeometry x="50" y="50" width="100" height="100" as="geometry"></mxGeometry>
    </mxCell>
    <mxCell id="gate_valve_(diaphragm)_0017" value="" style="verticalLabelPosition=bottom;align=center;html=1;verticalAlign=top;dashed=0;shape=mxgraph.pid2valves.valve;valveType=gate;actuator=diaph;strokeColor=#000000;fontSize=18;fontColor=#000000;" vertex="1" parent="1">
      <mxGeometry x="50" y="50" width="100" height="100" as="geometry"></mxGeometry>
    </mxCell>
    <mxCell id="gate_valve_(diaphragm)_0018" value="" style="verticalLabelPosition=bottom;align=center;html=1;verticalAlign=top;dashed=0;shape=mxgraph.pid2valves.valve;valveType=gate;actuator=diaph;strokeColor=#000000;fontSize=18;fontColor=#000000;" vertex="1" parent="1">
      <mxGeometry x="50" y="50" width="100" height="100" as="geometry"></mxGeometry>
    </mxCell>
    <mxCell id="gate_valve_(diaphragm)_0019" value="" style="verticalLabelPosition=bottom;align=center;html=1;verticalAlign=top;dashed=0;shape=mxgraph.pid2valves.valve;valveType=gate;actuator=diaph;strokeColor=#000000;fontSize=18;fontColor=#000000;" vertex="1" parent="1">
      <mxGeometry x="50" y="50" width="100" height="100" as="geometry"></mxGeometry>
    </mxCell>
    <mxCell id="gate_valve_(diaphragm)_0020" value="" style="verticalLabelPosition=bottom;align=center;html=1;verticalAlign=top;dashed=0;shape=mxgraph.pid2valves.valve;valveType=gate;actuator=diaph;strokeColor=#000000;fontSize=18;fontColor=#000000;" vertex="1" parent="1">
      <mxGeometry x="50" y="50" width="100" height="100" as="geometry"></mxGeometry>
    </mxCell>
    <mxCell id="gate_valve_(diaphragm)_0021" value="" style="verticalLabelPosition=bottom;align=center;html=1;verticalAlign=top;dashed=0;shape=mxgraph.pid2valves.valve;valveType=gate;actuator=diaph;strokeColor=#000000;fontSize=18;fontColor=#000000;" vertex="1" parent="1">
      <mxGeometry x="50" y="50" width="100" height="100" as="geometry"></mxGeometry>
    </mxCell>
    <mxCell id="gate_valve_(diaphragm)_0022" value="" style="verticalLabelPosition=bottom;align=center;html=1;verticalAlign=top;dashed=0;shape=mxgraph.pid2valves.valve;valveType=gate;actuator=diaph;strokeColor=#000000;fontSize=18;fontColor=#000000;" vertex="1" parent="1">
      <mxGeometry x="50" y="50" width="100" height="100" as="geometry"></mxGeometry>
    </mxCell>
    <mxCell id="gate_valve_(diaphragm)_0023" value="" style="verticalLabelPosition=bottom;align=center;html=1;verticalAlign=top;dashed=0;shape=mxgraph.pid2valves.valve;valveType=gate;actuator=diaph;strokeColor=#000000;fontSize=18;fontColor=#000000;" vertex="1" parent="1">
      <mxGeometry x="50" y="50" width="100" height="100" as="geometry"></mxGeometry>
    </mxCell>
    <mxCell id="gate_valve_(diaphragm)_0024" value="" style="verticalLabelPosition=bottom;align=center;html=1;verticalAlign=top;dashed=0;shape=mxgraph.pid2valves.valve;valveType=gate;actuator=diaph;strokeColor=#000000;fontSize=18;fontColor=#000000;" vertex="1" parent="1">
      <mxGeometry x="50" y="50" width="100" height="100" as="geometry"></mxGeometry>
    </mxCell>
    <mxCell id="gate_valve_(diaphragm)_0025" value="" style="verticalLabelPosition=bottom;align=center;html=1;verticalAlign=top;dashed=0;shape=mxgraph.pid2valves.valve;valveType=gate;actuator=diaph;strokeColor=#000000;fontSize=18;fontColor=#000000;" vertex="1" parent="1">
      <mxGeometry x="50" y="50" width="100" height="100" as="geometry"></mxGeometry>
    </mxCell>
    <mxCell id="gate_valve_(diaphragm)_0026" value="" style="verticalLabelPosition=bottom;align=center;html=1;verticalAlign=top;dashed=0;shape=mxgraph.pid2valves.valve;valveType=gate;actuator=diaph;strokeColor=#000000;fontSize=18;fontColor=#000000;" vertex="1" parent="1">
      <mxGeometry x="50" y="50" width="100" height="100" as="geometry"></mxGeometry>
    </mxCell>
    <mxCell id="north_arrow_0001" value="" style="shape=html=1;shadow=0;dashed=0;align=center;verticalAlign=middle;shape=mxgraph.arrows2.arrow;dy=0;dx=30;notch=30;strokeColor=#000000;strokeWidth=1;fillColor=none;rotation=-90;" vertex="1" parent="1">
      <mxGeometry x="50" y="50" width="200" height="30" as="geometry"></mxGeometry>
    </mxCell>
    <mxCell id="north_arrow_0002" value="" style="shape=html=1;shadow=0;dashed=0;align=center;verticalAlign=middle;shape=mxgraph.arrows2.arrow;dy=0;dx=30;notch=30;strokeColor=#000000;strokeWidth=1;fillColor=none;rotation=-90;" vertex="1" parent="1">
      <mxGeometry x="50" y="50" width="200" height="30" as="geometry"></mxGeometry>
    </mxCell>
    <mxCell id="north_arrow_0003" value="" style="shape=html=1;shadow=0;dashed=0;align=center;verticalAlign=middle;shape=mxgraph.arrows2.arrow;dy=0;dx=30;notch=30;strokeColor=#000000;strokeWidth=1;fillColor=none;rotation=-90;" vertex="1" parent="1">
      <mxGeometry x="50" y="50" width="200" height="30" as="geometry"></mxGeometry>
    </mxCell>
    <mxCell id="north_arrow_0004" value="" style="shape=html=1;shadow=0;dashed=0;align=center;verticalAlign=middle;shape=mxgraph.arrows2.arrow;dy=0;dx=30;notch=30;strokeColor=#000000;strokeWidth=1;fillColor=none;rotation=-90;" vertex="1" parent="1">
      <mxGeometry x="50" y="50" width="200" height="30" as="geometry"></mxGeometry>
    </mxCell>
    <mxCell id="north_arrow_0005" value="" style="shape=html=1;shadow=0;dashed=0;align=center;verticalAlign=middle;shape=mxgraph.arrows2.arrow;dy=0;dx=30;notch=30;strokeColor=#000000;strokeWidth=1;fillColor=none;rotation=-90;" vertex="1" parent="1">
      <mxGeometry x="50" y="50" width="200" height="30" as="geometry"></mxGeometry>
    </mxCell>
    <mxCell id="positive_displacement_0001" value="" style="verticalLabelPosition=bottom;align=center;dashed=0;html=1;verticalAlign=top;shape=mxgraph.pid.flow_sensors.positive_displacement;strokeColor=#000000;fontSize=18;fontColor=#000000;" vertex="1" parent="1">
      <mxGeometry x="50" y="50" width="50" height="30" as="geometry"></mxGeometry>
    </mxCell>
    <mxCell id="positive_displacement_0002" value="" style="verticalLabelPosition=bottom;align=center;dashed=0;html=1;verticalAlign=top;shape=mxgraph.pid.flow_sensors.positive_displacement;strokeColor=#000000;fontSize=18;fontColor=#000000;" vertex="1" parent="1">
      <mxGeometry x="50" y="50" width="50" height="30" as="geometry"></mxGeometry>
    </mxCell>
    <mxCell id="pressurized_vessel_0001" value="" style="shape=mxgraph.pid.vessels.pressurized_vessel;html=1;align=center;verticalLabelPosition=bottom;verticalAlign=top;dashed=0;strokeColor=#000000;fontSize=18;fontColor=#000000;" vertex="1" parent="1">
      <mxGeometry x="50" y="50" width="100" height="200" as="geometry"></mxGeometry>
    </mxCell>
    <mxCell id="pump_(liquid)_0001" value="" style="shape=mxgraph.pid.pumps_-_iso.pump_(liquid);html=1;align=center;verticalLabelPosition=bottom;verticalAlign=top;dashed=0;strokeColor=#000000;fontSize=18;fontColor=#000000;" vertex="1" parent="1">
      <mxGeometry x="50" y="50" width="100" height="100" as="geometry"></mxGeometry>
    </mxCell>
    <mxCell id="pump_(liquid)_0002" value="" style="shape=mxgraph.pid.pumps_-_iso.pump_(liquid);html=1;align=center;verticalLabelPosition=bottom;verticalAlign=top;dashed=0;strokeColor=#000000;fontSize=18;fontColor=#000000;" vertex="1" parent="1">
      <mxGeometry x="50" y="50" width="100" height="100" as="geometry"></mxGeometry>
    </mxCell>
    <mxCell id="shell_and_tube_heat_exchanger_2_0001" value="" style="shape=mxgraph.pid.heat_exchangers.shell_and_tube_heat_exchanger_2;html=1;align=center;verticalLabelPosition=bottom;verticalAlign=top;dashed=0;strokeColor=#000000;fontSize=18;fontColor=#000000;" vertex="1" parent="1">
      <mxGeometry x="50" y="50" width="60" height="60" as="geometry"></mxGeometry>
    </mxCell>
    <mxCell id="south_arrow_0001" value="" style="shape=html=1;shadow=0;dashed=0;align=center;verticalAlign=middle;shape=mxgraph.arrows2.arrow;dy=0;dx=30;notch=30;strokeColor=#000000;strokeWidth=1;fillColor=none;rotation=90;" vertex="1" parent="1">
      <mxGeometry x="50" y="50" width="200" height="30" as="geometry"></mxGeometry>
    </mxCell>
    <mxCell id="south_arrow_0002" value="" style="shape=html=1;shadow=0;dashed=0;align=center;verticalAlign=middle;shape=mxgraph.arrows2.arrow;dy=0;dx=30;notch=30;strokeColor=#000000;strokeWidth=1;fillColor=none;rotation=90;" vertex="1" parent="1">
      <mxGeometry x="50" y="50" width="200" height="30" as="geometry"></mxGeometry>
    </mxCell>
    <mxCell id="south_arrow_0003" value="" style="shape=html=1;shadow=0;dashed=0;align=center;verticalAlign=middle;shape=mxgraph.arrows2.arrow;dy=0;dx=30;notch=30;strokeColor=#000000;strokeWidth=1;fillColor=none;rotation=90;" vertex="1" parent="1">
      <mxGeometry x="50" y="50" width="200" height="30" as="geometry"></mxGeometry>
    </mxCell>
    <mxCell id="south_arrow_0004" value="" style="shape=html=1;shadow=0;dashed=0;align=center;verticalAlign=middle;shape=mxgraph.arrows2.arrow;dy=0;dx=30;notch=30;strokeColor=#000000;strokeWidth=1;fillColor=none;rotation=90;" vertex="1" parent="1">
      <mxGeometry x="50" y="50" width="200" height="30" as="geometry"></mxGeometry>
    </mxCell>
    <mxCell id="tank_(conical_roof)_0001" value="" style="shape=mxgraph.pid.vessels.tank_(conical_roof);html=1;align=center;verticalLabelPosition=bottom;verticalAlign=top;dashed=0;strokeColor=#000000;fontSize=18;fontColor=#000000;" vertex="1" parent="1">
      <mxGeometry x="50" y="50" width="100" height="90" as="geometry"></mxGeometry>
    </mxCell>
    <mxCell id="three_way_valve_0001" value="" style="verticalLabelPosition=bottom;align=center;html=1;verticalAlign=top;dashed=0;shape=mxgraph.pid2valves.valve;valveType=threeWay;actuator=none;strokeColor=#000000;fontSize=18;fontColor=#000000;" vertex="1" parent="1">
      <mxGeometry x="50" y="50" width="100" height="80" as="geometry"></mxGeometry>
    </mxCell>
    <mxCell id="west_arrow_0001" value="" style="shape=html=1;shadow=0;dashed=0;align=center;verticalAlign=middle;shape=mxgraph.arrows2.arrow;dy=0;dx=30;notch=30;strokeColor=#000000;strokeWidth=1;fillColor=none;rotation=180;" vertex="1" parent="1">
      <mxGeometry x="50" y="50" width="200" height="30" as="geometry"></mxGeometry>
    </mxCell>
    <mxCell id="west_arrow_0002" value="" style="shape=html=1;shadow=0;dashed=0;align=center;verticalAlign=middle;shape=mxgraph.arrows2.arrow;dy=0;dx=30;notch=30;strokeColor=#000000;strokeWidth=1;fillColor=none;rotation=180;" vertex="1" parent="1">
      <mxGeometry x="50" y="50" width="200" height="30" as="geometry"></mxGeometry>
    </mxCell>
  </root>
</mxGraphModel>
